".chain",".draw","min_dist","cvd_safe","min_deutan","min_protan","min_tritan","mean_chroma","lightness_spread","mean_L"
1,1,0.182572815156491,0.0353982755810654,0.0354172048618145,0.0984745675195702,0.14810378996257,0.141517191436659,0.727615521805161,0.648417678134644
1,2,0.229939801660028,0.0030096087208332,0.00299281530546745,0.0647186565578349,0.103843971780603,0.139118726048216,0.619494486496237,0.722462640822353
1,3,0.219749080627391,0.0254189210061408,0.0254759630620837,0.127170386672821,0.0371908633955647,0.148032337261076,0.711070979815215,0.714485443280352
1,4,0.129631361817044,0.0554713683489929,0.0555022953757867,0.112856543731864,0.0647632102917451,0.136813866072308,0.733279932408772,0.728332831914189
1,5,0.153404991716311,0.0214083420704983,0.0673656318419905,0.0214279966033482,0.142203221452226,0.119306994246398,0.83511690177529,0.654815720422397
1,6,0.121072800854607,0.0494131742268534,0.0846152025158803,0.10669290320949,0.0494194250689735,0.144186738394007,0.841019233329542,0.642466971436625
1,7,0.121072800854607,0.0494131742268534,0.0846152025158803,0.10669290320949,0.0494194250689735,0.144186738394007,0.841019233329542,0.642466971436625
1,8,0.121072800854607,0.0494131742268534,0.0846152025158803,0.10669290320949,0.0494194250689735,0.144186738394007,0.841019233329542,0.642466971436625
1,9,0.121072800854607,0.0494131742268534,0.0846152025158803,0.10669290320949,0.0494194250689735,0.144186738394007,0.841019233329542,0.642466971436625
1,10,0.237889785562728,0.0385489831315475,0.103645679517872,0.038558097233808,0.0469412614418728,0.157118138099783,0.688582713752945,0.692029889245988
1,11,0.255347756306075,0.080041060712209,0.0951782674296671,0.0801120353051256,0.125613581284905,0.15733191808918,0.784121675021986,0.675747388648338
1,12,0.231882860998184,0.0680520656215145,0.0679446124134844,0.0718954992993465,0.135787009041011,0.183580203725765,0.776454734579883,0.600448185401182
1,13,0.182811283821881,0.0409483629418122,0.0409344988177002,0.0409623357240982,0.161564879620105,0.136902186043,0.533539738644552,0.739761253634467
1,14,0.236334455272527,0.0435282967397279,0.043421546377742,0.0818195309758129,0.161202580676906,0.145735698813057,0.839382663019183,0.640234969683005
1,15,0.173503692780756,0.0371637934969937,0.0943675371642341,0.100666272884272,0.0371159018034186,0.104169419350915,0.866387856552123,0.642631270119019
1,16,0.282170813306127,0.075654392100349,0.127025703285287,0.0756371628297579,0.142363752757672,0.141847388114544,0.778383263737695,0.662166796554646
1,17,0.101032107086148,0.0201687869198309,0.0201776032269861,0.0205917306190458,0.0290126324391885,0.141955026985216,0.841202687635786,0.62591635558452
1,18,0.12929204924988,0.0474064868862855,0.0575958221344733,0.0473213046382652,0.0670401723752186,0.155276726880279,0.710070852163789,0.733733530291946
1,19,0.133384675094381,0.112354720817164,0.126542109540865,0.112231529256703,0.130874061779748,0.124808017678823,0.797871157406299,0.67951753752155
1,20,0.212782241647713,0.0585041672948459,0.0585350520582745,0.102264998747056,0.114203778489518,0.127756014419683,0.664132673005325,0.668626070028758
1,21,0.169663695363256,0.0368454999426004,0.0990682070078699,0.0368576980045917,0.0530918158999649,0.12699735592729,0.580059488274105,0.66936180276889
1,22,0.171182453936716,0.127034168429527,0.127062167207707,0.143140760616153,0.128898669668018,0.134668016735628,0.554451553255554,0.699640073508475
1,23,0.125602686144376,0.042918047453665,0.0451674141052969,0.0703685189351311,0.0429477564334703,0.11294718424151,0.489376209079276,0.675465191026756
1,24,0.139910210460621,0.0901698459768309,0.0952040668354971,0.113135087991006,0.0901682886500987,0.133498267938387,0.492729062915325,0.637225316373394
1,25,0.15768337849943,0.0163440383984655,0.0163817932316934,0.0552562239333839,0.0984446847622981,0.113281978732501,0.834724860351547,0.639727510641669
1,26,0.15768337849943,0.0163440383984655,0.0163817932316934,0.0552562239333839,0.0984446847622981,0.113281978732501,0.834724860351547,0.639727510641669
1,27,0.241538907102956,0.0969192482810754,0.125921676832428,0.0969056076455667,0.129209647020027,0.124597250085128,0.865677649303849,0.64056390015971
1,28,0.209842680537631,0.124774666969063,0.152545171552195,0.167545297917969,0.124709839047904,0.129879183842864,0.878066866753476,0.635135082297461
1,29,0.160323770707047,0.0402303295266813,0.1082434318591,0.0768886147982535,0.0402273436330843,0.125549117678609,0.896254655775711,0.671083102887309
1,30,0.160323770707047,0.0402303295266813,0.1082434318591,0.0768886147982535,0.0402273436330843,0.125549117678609,0.896254655775711,0.671083102887309
1,31,0.23665223053214,0.0631904049446929,0.0931776050649441,0.0837406520637419,0.0632059096800652,0.183075387628498,0.803173312970147,0.601305960566364
1,32,0.11245104776316,0.0479832238386071,0.0770377494188435,0.0479788820371489,0.0809595063909184,0.11549773741328,0.34484837251989,0.779569801301543
1,33,0.204747076859629,0.0655392433205434,0.0655961520957115,0.115006604480905,0.0731302430203708,0.116269086800923,0.696649729657314,0.658244245441204
1,34,0.241723246312339,0.0561640304634635,0.156987270241305,0.0890487922138797,0.0561523136069925,0.132341690863866,0.66297728098232,0.640908200400204
1,35,0.182395473481807,0.119679897443728,0.129282606545643,0.123779714219958,0.119709880156014,0.163459646568445,0.694722199343104,0.67874690815774
1,36,0.151861324157915,0.125486987775187,0.15802121903473,0.140719747026585,0.125527977978695,0.130333820074293,0.790462393696153,0.643206989431921
1,37,0.121967464597139,0.0571717753160722,0.0956145167424407,0.0910440623205909,0.0572224211252199,0.0844603021988402,0.66580737174782,0.691461166049679
1,38,0.121967464597139,0.0571717753160722,0.0956145167424407,0.0910440623205909,0.0572224211252199,0.0844603021988402,0.66580737174782,0.691461166049679
1,39,0.132350756743547,0.0482694217069793,0.0514494149088046,0.0659490157287087,0.0482814359977529,0.150636189996655,0.481720448975569,0.679232981778188
1,40,0.171745588168243,0.0650132466864893,0.0650684729589117,0.0969686698176028,0.102158915959474,0.169434608416854,0.705170593322336,0.688524532916737
1,41,0.105021451608775,0.0631978267719012,0.0703081343084933,0.0631879050659785,0.0638804156436871,0.118136447033039,0.782466135799332,0.595654066349531
1,42,0.176423586827219,0.0953259194108087,0.127965893620956,0.128588096358968,0.0952771540908085,0.131669732134649,0.574256123558956,0.665842793906309
1,43,0.176423586827219,0.0953259194108087,0.127965893620956,0.128588096358968,0.0952771540908085,0.131669732134649,0.574256123558956,0.665842793906309
1,44,0.17796712829639,0.0603746740863658,0.0603983918866453,0.105162184149199,0.130251696493618,0.124308458441273,0.670593478380035,0.568505992096182
1,45,0.157039436029012,0.03431296562525,0.0343137865100152,0.0851579786478829,0.0590466248229697,0.117649576760453,0.358558843288499,0.764032233570459
1,46,0.163880628013207,0.0683042204417747,0.0783044907809668,0.105986523426674,0.0683508505406026,0.119937987400105,0.604770006915655,0.706088762182654
1,47,0.183050246934322,0.0662203674092743,0.0662154440154341,0.130313248193921,0.0759488525903667,0.139491624541891,0.434460354221957,0.648613528718453
1,48,0.237035473365433,0.0609618870422286,0.061011991912805,0.0639319407129808,0.111353118014242,0.130102230150745,0.663544571426476,0.670668227439265
1,49,0.149675770790648,0.0651872435858875,0.0805363913106876,0.0651551968775477,0.120072972529766,0.138090284496436,0.578373244728718,0.656788903080256
1,50,0.124697559530566,0.0433250885434543,0.0433373029487039,0.109641670952034,0.126310586966746,0.112176802792087,0.610563578952682,0.64144640258048
1,51,0.175042446866576,0.0695449581703096,0.157207701993329,0.0695867038904626,0.140986827386766,0.1051027710778,0.541288446911071,0.6964014033758
1,52,0.130194799008563,0.0149549601690264,0.0149548797013899,0.04446700177055,0.0996564834562842,0.116481912931397,0.454439173611794,0.686333023044768
1,53,0.187172987501377,0.105438572549082,0.15574368581812,0.118013171802497,0.105419688949,0.149802012682647,0.5351208727417,0.591052448390219
1,54,0.125672113226267,0.0735703123720855,0.0862108095059417,0.105650803625364,0.0736222762355302,0.110498578546596,0.677734596644528,0.674919717099467
1,55,0.125672113226267,0.0735703123720855,0.0862108095059417,0.105650803625364,0.0736222762355302,0.110498578546596,0.677734596644528,0.674919717099467
1,56,0.0855949925992341,0.068560805808196,0.0685649288829072,0.0790503350077793,0.086484013668364,0.113542402304682,0.717911205697696,0.68665932445864
1,57,0.203792747288921,0.0564687698912588,0.0795401290146147,0.0837808691721464,0.0564299869073429,0.129281358507688,0.784652467000845,0.593390202076249
1,58,0.213429609679935,0.0912807496172069,0.0912789552700971,0.11478584754908,0.0965961969878545,0.119283155256851,0.62192127190722,0.725678772438291
1,59,0.1480942111103,0.0727693916786914,0.142442546738931,0.148130265260223,0.0727627621330084,0.134878202641096,0.503678973087087,0.718768983866069
1,60,0.187743626804647,0.0987892364646056,0.0987764918157607,0.143156091216143,0.117356232016266,0.134590234253324,0.877354449025139,0.641218370377363
1,61,0.0954227834568758,0.0707436751364852,0.0978613229142387,0.0766220161214572,0.0707400225891606,0.113738650746529,0.414083655755608,0.748417902102213
1,62,0.157699735838894,0.0797436007907985,0.141518374454461,0.148864032632716,0.0797451761666183,0.105847579234886,0.572376956354024,0.66596453910949
1,63,0.1610842751354,0.111324846723371,0.113230646703954,0.111205013602778,0.11450437186643,0.149235876321374,0.567120007693538,0.710863764648363
1,64,0.115558526128785,0.0232031883227802,0.0232114471109487,0.0649180313881685,0.0569731485687143,0.0931687644605769,0.532820680399549,0.691527360416822
1,65,0.216561004174498,0.10846966073939,0.108376656335369,0.109162994920686,0.110756160408718,0.121694408573922,0.618021728496681,0.69476282013069
1,66,0.192789608489187,0.0650388271155695,0.0650641394981038,0.100819468717437,0.130615230497079,0.128127640688911,0.790041973467957,0.61601745309302
1,67,0.164155455833572,0.0185661965189857,0.0646383533434361,0.0679213082631941,0.0185383969216347,0.135964828033289,0.787857895306928,0.617079257070733
1,68,0.120085185423389,0.0535716219694147,0.091732539796081,0.0823349350315879,0.0535839511954533,0.1001392815928,0.572877537198091,0.634901478100313
1,69,0.118809377651323,0.0831107205199111,0.0831139048618006,0.0865766812578318,0.0920412378700556,0.118489089520198,0.567092276714693,0.692711046732125
1,70,0.201802333810568,0.0943458666594592,0.105688789303277,0.0943274382282863,0.139402780779887,0.112177502776753,0.580059375268448,0.640715130861227
1,71,0.170946715608814,0.0705605746883697,0.142786357341535,0.113443138022561,0.0705556870931702,0.116782795107012,0.584595273437901,0.684647266978459
1,72,0.122275601407158,0.0236713319265342,0.0236478281076176,0.125591179936396,0.108899210693975,0.108597157226261,0.639347586152589,0.669938536340012
1,73,0.162770733729841,0.127605525384616,0.127615066568372,0.152117530129451,0.139642150664487,0.118194425263294,0.607685554938623,0.671575227325281
1,74,0.183498141183359,0.0694140810487333,0.139291715221133,0.11780454103727,0.0694246419135953,0.130657256746274,0.742272336128805,0.685978373881383
1,75,0.150454758112643,0.10518115354088,0.105154155454272,0.127582754859152,0.128472058731081,0.129045067625202,0.670176593614423,0.68705934255466
1,76,0.150454758112643,0.10518115354088,0.105154155454272,0.127582754859152,0.128472058731081,0.129045067625202,0.670176593614423,0.68705934255466
1,77,0.203899339163843,0.0959640233399217,0.0984304388341456,0.108046996107951,0.0959277649364094,0.12819020997202,0.643082482390404,0.692314048213837
1,78,0.203899339163843,0.0959640233399217,0.0984304388341456,0.108046996107951,0.0959277649364094,0.12819020997202,0.643082482390404,0.692314048213837
1,79,0.157833767535863,0.0597575289902561,0.0596970191231627,0.098584029285417,0.0962716094857538,0.113360781682316,0.595301248358295,0.725633213681521
1,80,0.210858649907587,0.0997571764818409,0.143103416063762,0.172241431206136,0.0997278816542094,0.11499052631431,0.679677017831373,0.700536973823713
1,81,0.176475178335947,0.0437847134366804,0.118499827092301,0.0437553094104871,0.0710129953661845,0.112827101734684,0.615479927024017,0.663098657026829
1,82,0.19734290142619,0.0762021771238983,0.104027346773172,0.0762011889976878,0.0767843003543616,0.139641130536807,0.58632605866912,0.768423519637349
1,83,0.231686349484047,0.0753340493514518,0.075382622984796,0.1487059557963,0.0779729381913909,0.136164970794847,0.815085606509918,0.618800263601885
1,84,0.217265938016805,0.0394565482480423,0.144310055490401,0.111962954169291,0.0394815447064334,0.124800948786399,0.744960995702209,0.660538140133598
1,85,0.133521066750611,0.0866772438511336,0.0866845106754482,0.124934446110101,0.101519581747788,0.136387372347005,0.669195268446822,0.656760097321875
1,86,0.133521066750611,0.0866772438511336,0.0866845106754482,0.124934446110101,0.101519581747788,0.136387372347005,0.669195268446822,0.656760097321875
1,87,0.120115734217561,0.0263209424210985,0.0263150396969847,0.0523610180694299,0.0916764982400247,0.116793878094536,0.499239977031532,0.684479929012721
1,88,0.22846284449799,0.124071751798911,0.155469277587355,0.162681477636712,0.124054401197262,0.12975981190823,0.757802051196239,0.665072988506079
1,89,0.218694055154179,0.0844301720793034,0.0844390712612888,0.124933653114748,0.096544537215684,0.125562632271558,0.724065368489972,0.684439227295803
1,90,0.161941831621844,0.150827693045985,0.157770623406154,0.150817577495748,0.165043753482097,0.094901928697054,0.767929929017525,0.663248482062246
1,91,0.187309114438156,0.0841431772784604,0.160203876682419,0.13016830825041,0.08413258885735,0.120433794088019,0.505242251220385,0.694426306109963
1,92,0.172694346525504,0.111614282790661,0.111620983747447,0.121658986508472,0.127277338358036,0.134047044940807,0.691237040379978,0.628651020819168
1,93,0.131949766282817,0.0739802479362723,0.0829051219789044,0.11785883879204,0.0739786683469843,0.104127787616454,0.470929070312886,0.708822591356074
1,94,0.199240064661869,0.0395087017682445,0.0394134659687315,0.0482245235522031,0.0767342616730073,0.146414885871778,0.719843054746188,0.654932494260123
1,95,0.199240064661869,0.0395087017682445,0.0394134659687315,0.0482245235522031,0.0767342616730073,0.146414885871778,0.719843054746188,0.654932494260123
1,96,0.165400856513519,0.0345086557162699,0.0512552379669883,0.0343997439006514,0.0645785234374412,0.113166142485098,0.621152866588375,0.663889708362375
1,97,0.220773742911885,0.108657249125396,0.108655610830873,0.124627359161285,0.113939782770558,0.138050993655152,0.732167003554265,0.692630820011277
1,98,0.0906560757753119,0.0176673367083597,0.0176582925325852,0.0489845763693614,0.100529485572101,0.122923876090175,0.83307839409088,0.662606859316168
1,99,0.133178785715683,0.0577970121283184,0.138635495525316,0.121860803466204,0.0578539480900572,0.140963547481477,0.587384386231135,0.685365774792122
1,100,0.215777846090275,0.132910142699635,0.132804848285331,0.14804544028156,0.144120889196713,0.131341384428292,0.719552499868153,0.692391853617648
1,101,0.209401656310793,0.088586816379057,0.165668578672207,0.102977871017571,0.0885183268229123,0.118305723163406,0.622304911646161,0.63962265152415
1,102,0.149393992071747,0.0491420359701774,0.049044572937318,0.0675048537480284,0.0833534001877923,0.126377570900633,0.557122855519811,0.694761877613841
1,103,0.20445718192027,0.0581119624465045,0.115376483383173,0.0704860744796762,0.0581108701246907,0.129458569602467,0.596674720037451,0.668229806646668
1,104,0.126251760177439,0.0841482619538149,0.0915065474061169,0.0841392183187509,0.112559560266375,0.11638017816392,0.562679205220106,0.615888645728154
1,105,0.132849042194956,0.109333740964076,0.109337728323342,0.131426853732066,0.124214373902672,0.110860995517956,0.59866864631925,0.620886235329578
1,106,0.188883691750239,0.0672861420440739,0.0777228176072306,0.131014641002666,0.0673158473105177,0.123300047435767,0.708624461018222,0.66828944266927
1,107,0.153682054592934,0.0405939985769201,0.0634331100706967,0.0604921190007545,0.0405812759955557,0.124975935841236,0.560934370281406,0.665659297555938
1,108,0.160937302326184,0.0239144850409037,0.0239131719195247,0.0968993789183958,0.151712198262345,0.125687665131613,0.790854384169595,0.661515415514715
1,109,0.10412142648529,0.0668816534143378,0.0816741791445733,0.0668771211985709,0.127604406767379,0.129166550120489,0.621523941616587,0.643744223101803
1,110,0.153239660373049,0.0559261332131571,0.061132716980018,0.0559180893806743,0.150268499882701,0.115650798951558,0.543476965047827,0.652761054597029
1,111,0.088817915686449,0.0382688666911872,0.0723028624722183,0.0382596816278653,0.0885045481311246,0.101624454891245,0.747677379244077,0.607782410327502
1,112,0.216977328228201,0.0701376895448363,0.0701363187236811,0.101559053203899,0.094358674138554,0.168220280716102,0.719453357726014,0.650029459728697
1,113,0.216977328228201,0.0701376895448363,0.0701363187236811,0.101559053203899,0.094358674138554,0.168220280716102,0.719453357726014,0.650029459728697
1,114,0.0817121629737351,0.017585275676101,0.0204092728317247,0.0488499117806287,0.0175464423241859,0.111009323442487,0.795714827617731,0.716133013099922
1,115,0.146998855023572,0.0794241668387507,0.0794241065656059,0.0803225812865644,0.0848368488922945,0.121683126479086,0.660361375353052,0.683152173028087
1,116,0.1539144949059,0.0739124352633958,0.114330608143819,0.073814732080149,0.145357850195588,0.160498499338826,0.682086448813449,0.66564184559454
1,117,0.254756908556125,0.128934256960018,0.128846620800058,0.142953368141825,0.169786647845974,0.137888031226089,0.798239253804263,0.567253696362428
1,118,0.114962638934927,0.0234451333950227,0.0406723851028957,0.0329014345144725,0.0233973028688548,0.128917846886187,0.711295187160948,0.608231555465912
1,119,0.130442059245768,0.0411251765945823,0.0656511933123534,0.112673278348838,0.0411509734791578,0.108100929434758,0.88294841622006,0.648071767729693
1,120,0.198816910980786,0.107644890853181,0.107597290968941,0.141641908507663,0.166725981694881,0.139469923839297,0.745616049357875,0.648090779683301
1,121,0.135341461988942,0.0322218474636006,0.0470624074467547,0.0322402527653368,0.110322407290348,0.121854013262887,0.548866412849817,0.695182304765327
1,122,0.141789221460601,0.116449932326959,0.116452220021833,0.138920873027807,0.147537278527977,0.137962930169719,0.615032038166857,0.677998392951516
1,123,0.159928868323053,0.0507967836429315,0.0759826051308386,0.0507733539635783,0.0760784878707446,0.125217223001569,0.457165252014744,0.658899071022881
1,124,0.13435873500753,0.0672043756418378,0.0974266112555005,0.0933627274367479,0.0671638922012203,0.117897279140379,0.600125614680732,0.683747121775474
1,125,0.13435873500753,0.0672043756418378,0.0974266112555005,0.0933627274367479,0.0671638922012203,0.117897279140379,0.600125614680732,0.683747121775474
1,126,0.149771400592039,0.0716953649281906,0.110889190071754,0.138008339165319,0.0716401067885515,0.110861040441504,0.632049271162569,0.672410621208173
1,127,0.172793742520919,0.0862851589479552,0.106533216925885,0.0987970629251022,0.0862861816163792,0.131133457619594,0.459254382861605,0.653928530577826
1,128,0.180917664108483,0.0783219375884425,0.111023266603763,0.0930419213633842,0.0783662508944291,0.124156462445511,0.813184303570722,0.682785225802248
1,129,0.177785055013075,0.0730469235821089,0.125732657278918,0.0730386125937541,0.142292912867574,0.11767779415946,0.645383651022927,0.640808226456253
1,130,0.169031718462054,0.0971986182950912,0.0974285272045054,0.101131026318371,0.0971562132194071,0.133179532305998,0.6645019489369,0.716566588934785
1,131,0.150967766477727,0.128499215563297,0.128525599317369,0.143935857235397,0.136582478695463,0.125533773041418,0.719364776233878,0.700272840367591
1,132,0.189244412136414,0.106682293462337,0.161055881226509,0.173142518795364,0.106707093718903,0.141486062334312,0.747201094197642,0.680331607184856
1,133,0.112248453840161,0.0617680527288433,0.0616716707451532,0.0755234320115267,0.122197708107681,0.121768799168564,0.523810960479722,0.701351428502818
1,134,0.0972616147618728,0.0474453864341791,0.0681944633764506,0.0838184590077532,0.0474533774468188,0.125803799266194,0.616913923663564,0.608607079773073
1,135,0.0972616147618728,0.0474453864341791,0.0681944633764506,0.0838184590077532,0.0474533774468188,0.125803799266194,0.616913923663564,0.608607079773073
1,136,0.0941767361316195,0.0227529324605315,0.070627678090642,0.0704019243063795,0.0227310061564327,0.107571457826916,0.521978777668949,0.697266588588567
1,137,0.0983444215976902,0.0711270254616579,0.0841876501746543,0.0730262613509559,0.0710762618692556,0.150130074169646,0.439028275353552,0.612637706527264
1,138,0.0957425202232493,0.0546076012895804,0.0912867235778752,0.0546122335706184,0.0932677055405862,0.129344532235099,0.550466735369642,0.720115126430076
1,139,0.0919236441611449,0.0273285438815016,0.0892111513016601,0.0972108413198596,0.0273380263150842,0.111050284187083,0.696021531917187,0.654292969151367
1,140,0.145481350588591,0.0515541760570174,0.0872877599767293,0.0515515437039712,0.0549010804069529,0.128935221329624,0.771730975005639,0.614593053202268
1,141,0.19306575364661,0.0762598634704811,0.0762623894718573,0.115422774149409,0.164603455916186,0.159511099029439,0.73576998489934,0.712450218974593
1,142,0.124039761519352,0.10161271774968,0.125524176155564,0.12150210331873,0.10161304391291,0.107938579497152,0.875194859336555,0.597134207121616
1,143,0.150106061154434,0.0712980352767096,0.0712590291803307,0.0794897967554209,0.0759320859458663,0.137652712057544,0.608394742673565,0.658848243366714
1,144,0.205118830852377,0.0928340965267085,0.0928486443009705,0.160384209525522,0.114235449183537,0.119462817860836,0.754635816980245,0.649859914102789
1,145,0.183352282205791,0.0941501591352727,0.0940459462746053,0.13880255685214,0.178177184617041,0.108832586000645,0.838285281718975,0.630770306918841
1,146,0.224872880395681,0.109459115855907,0.131756692043454,0.153273070787567,0.109529832245161,0.119098402860611,0.813501053072428,0.656344802453932
1,147,0.262890683969003,0.0938942787380043,0.0938843162261142,0.103899738998848,0.138815642419198,0.127957752385313,0.814708284543922,0.692647354839531
1,148,0.153964767087551,0.0767395399443486,0.0767554754695175,0.0812294975518144,0.0889439126982157,0.119039838741153,0.728607435891885,0.706548013752502
1,149,0.182593784237587,0.0365222134519593,0.0796136766383964,0.0797949820944645,0.0364577507490726,0.117803436727892,0.577701412220948,0.700114830565572
1,150,0.15101840900177,0.0604586797913978,0.0604549135151179,0.0729105332154022,0.0950487031820178,0.123750107486727,0.465313137732787,0.676169816350089
1,151,0.11608625850766,0.0640445183815175,0.09478084662078,0.0803010660638698,0.0640569166509518,0.125134911328512,0.585316018222488,0.663341694088746
1,152,0.115754101996327,0.073757906417812,0.073774752421963,0.100219146807389,0.101125325089363,0.114561905369645,0.584050873644938,0.663887620822517
1,153,0.154569504208119,0.0420510719855898,0.0914053210574769,0.0827125079211923,0.0420908741786013,0.129527303777883,0.438973444204865,0.665281442432823
1,154,0.137365948588077,0.0825843292209559,0.108174766503655,0.0825572728009415,0.0999035915253458,0.136077980502776,0.778758584771762,0.684990151521413
1,155,0.137365948588077,0.0825843292209559,0.108174766503655,0.0825572728009415,0.0999035915253458,0.136077980502776,0.778758584771762,0.684990151521413
1,156,0.204074207967126,0.0327914963950836,0.0327634953580369,0.0543954697000858,0.0797780156893069,0.135774470469876,0.64874733223271,0.694485362698518
1,157,0.163799730910746,0.0958769798660424,0.138523882861866,0.111161334272894,0.0959213235897406,0.152230169936947,0.742323524663592,0.717028351950504
1,158,0.165519543151706,0.0362112658585968,0.0562290029824549,0.036206402101659,0.13741014107547,0.166375926097298,0.505416188214323,0.682244765690719
1,159,0.142216737769459,0.0870321728896123,0.111971484959257,0.1276794215105,0.0870730244723782,0.106826395832949,0.704919829816735,0.667278287273933
1,160,0.112526523784617,0.0528223036304099,0.0528316116256562,0.0956569257427093,0.107739379149495,0.145343456191317,0.743627650627222,0.665882719568336
1,161,0.159626500111415,0.111661059349585,0.118122009514002,0.117522182567085,0.111616216045657,0.126190694421108,0.785549841173861,0.642810378491482
1,162,0.159626500111415,0.111661059349585,0.118122009514002,0.117522182567085,0.111616216045657,0.126190694421108,0.785549841173861,0.642810378491482
1,163,0.205122427204385,0.011844540948967,0.0118299641433159,0.064833893127289,0.105197434825755,0.161651996595252,0.627586989067341,0.723422776619824
1,164,0.252667156397132,0.130976359401472,0.161166091085941,0.172123443345821,0.130959748406837,0.158937955975536,0.712859565097728,0.708806575156767
1,165,0.177746194386437,0.100113065253932,0.10012507360684,0.146253590195796,0.144453050331685,0.127101274914727,0.696190264682572,0.660146026176283
1,166,0.137571186897528,0.0617865741646264,0.0617905911086617,0.122714652863113,0.134282150278481,0.114016250890238,0.775339041160585,0.722023496958713
1,167,0.0890558043727454,0.0107337018431905,0.0264810118088149,0.0107357495561856,0.077774865095426,0.145857170448668,0.4463494785685,0.774509789492213
1,168,0.174409148370081,0.102114523719114,0.124123472123333,0.140982069907041,0.102164239355357,0.114070174894456,0.895792590402938,0.528408869329693
1,169,0.174409148370081,0.102114523719114,0.124123472123333,0.140982069907041,0.102164239355357,0.114070174894456,0.895792590402938,0.528408869329693
1,170,0.116222522059113,0.0696446255766614,0.10884155945259,0.0791078198666768,0.0696581518695943,0.108943567568795,0.778589688907901,0.618291074350239
1,171,0.176118500745971,0.0919210160063707,0.0919508640629921,0.101568987245854,0.149108470861933,0.133656185866657,0.674017519637382,0.674172730746856
1,172,0.181189368583907,0.0431654091246821,0.0804398596146584,0.0431595307712641,0.0740082230237249,0.133665922953403,0.538451321555898,0.623907003766801
1,173,0.0732069433092959,0.0188735857208389,0.0384978181846499,0.0393166143517793,0.0188730163430542,0.126730936685509,0.54950725278521,0.73409913523047
1,174,0.14234972293955,0.0862025233333931,0.112968887529699,0.111637671402192,0.0862058959062261,0.091042180047569,0.717273978255184,0.645145577731845
1,175,0.1766939947805,0.0436003546499931,0.0436555793718891,0.107646042567815,0.0624636580308132,0.130138795589038,0.45718637114725,0.739022924381887
1,176,0.20599311080267,0.0469570996896298,0.203615565329241,0.0841080287344394,0.0469668164503921,0.104677964361446,0.876989609168517,0.548280405072789
1,177,0.218779364633543,0.0761798542495179,0.0762219045938045,0.110344215334938,0.108139884178008,0.134572420550818,0.666970695629505,0.730777055615276
1,178,0.136124589696724,0.0546350638159723,0.0653326202941172,0.0800990172718448,0.054632923256312,0.129898868233795,0.390714738450134,0.769019253053451
1,179,0.265022095233003,0.106090162548705,0.14697821339686,0.128914423535349,0.106007106450905,0.144683608367075,0.749178240278414,0.674390442653987
1,180,0.168846620066787,0.103538549421379,0.115857243222074,0.103518363756538,0.111306952463318,0.127151551299066,0.798239965280064,0.628413317621287
1,181,0.14441398759414,0.0554974547407647,0.0555038910954035,0.103797241914074,0.138705082940885,0.115233528925475,0.740663544922961,0.667656030989334
1,182,0.189577709410294,0.105434213824875,0.105433181597501,0.121297522236193,0.132805798343812,0.157865700240034,0.571925424717248,0.618291360694204
1,183,0.212837400692454,0.0604147725902095,0.0604450659423823,0.0675356121359174,0.0856534971754416,0.162120971813495,0.788084356168132,0.626962438067023
1,184,0.147281502784151,0.0993811625013552,0.119926942227371,0.119027472113505,0.0993770272598749,0.13843407573858,0.479928606089283,0.662419720710489
1,185,0.139578016560348,0.078828142167784,0.0940877861801293,0.0787873538859697,0.0940151189076274,0.127361081986321,0.742047340205013,0.636576572693258
1,186,0.186073412821262,0.100900409824964,0.12222787834452,0.100890933626005,0.171432341114041,0.151694474696358,0.74071248925411,0.629177831380866
1,187,0.161778871367966,0.0915618701798356,0.114383823998091,0.0915884510737711,0.129461342195135,0.134499578935731,0.733730461499158,0.65080009624742
1,188,0.13370826301324,0.0532101836302883,0.0654112338404253,0.0532452356662429,0.0675508471799633,0.110350008824247,0.774021917349183,0.686310946615612
1,189,0.207865918035211,0.0942438223466832,0.112457129849531,0.0942334397623981,0.108149092157443,0.137318427652088,0.648750084915451,0.675458145048277
1,190,0.17840705067065,0.0338691576892205,0.0338528933748266,0.0718238859699724,0.0868838119055318,0.13363751735068,0.664127678132582,0.630177564260637
1,191,0.0755404555667913,0.00359745399387997,0.0035994799985874,0.0349680922790441,0.0853948392212533,0.120772431439133,0.349185037947932,0.759625726488925
1,192,0.170286123637971,0.0295880194555439,0.029589060797893,0.039358310052483,0.0682474999899314,0.122725257677573,0.426445523264909,0.752216604225963
1,193,0.141963878535036,0.0684895882935907,0.101246395343144,0.0685045445698577,0.118791695905975,0.114446343784349,0.52141012632096,0.596631632095355
1,194,0.141963878535036,0.0684895882935907,0.101246395343144,0.0685045445698577,0.118791695905975,0.114446343784349,0.52141012632096,0.596631632095355
1,195,0.141963878535036,0.0684895882935907,0.101246395343144,0.0685045445698577,0.118791695905975,0.114446343784349,0.52141012632096,0.596631632095355
1,196,0.157235867702974,0.0542537522104924,0.0924852839631867,0.0542366900077121,0.144145573444956,0.0970787194853192,0.526110615021205,0.695689744104155
1,197,0.192367833121734,0.0421358239575506,0.0931151399584255,0.0421278840587788,0.0804981983730489,0.166748398967227,0.602248320077631,0.687435563232134
1,198,0.172978038192687,0.13697447347223,0.174440943261569,0.142719617266446,0.137011064726987,0.139211875047895,0.743257793429663,0.618847704027953
1,199,0.124178480269317,0.0234453640343881,0.0416505744372922,0.0233589776759059,0.0753576963769761,0.135913161184769,0.641556640465348,0.715749926936863
1,200,0.16730340940277,0.0526609691791047,0.0527188248789533,0.119685073894335,0.0946807023353232,0.143260627504434,0.461158128997694,0.686704455793327
1,201,0.215529968690369,0.135107609552712,0.157232491231403,0.135104990549279,0.168296388826139,0.136284312821759,0.604642078066887,0.623322993480399
1,202,0.255063660088705,0.107319114784675,0.115830346885772,0.107312253007854,0.116811212812503,0.158707422768793,0.773198731359385,0.67051213044868
1,203,0.166343922025866,0.0516531512234462,0.0889391475246386,0.103552214870415,0.0517011688436889,0.10813221584239,0.720201709369023,0.66512340687239
1,204,0.138214488375409,0.054069261216241,0.0540707354459666,0.0688368236304852,0.0956449730514914,0.16138026976166,0.468472589120459,0.713320188879989
1,205,0.183755349852076,0.0354321915158259,0.0809655419944819,0.0354382786779608,0.108954640322718,0.151247992289191,0.579122178499258,0.668279534217623
1,206,0.183755349852076,0.0354321915158259,0.0809655419944819,0.0354382786779608,0.108954640322718,0.151247992289191,0.579122178499258,0.668279534217623
1,207,0.169085437512401,0.0359915506819397,0.0360304639481696,0.106717300967268,0.0713071761311615,0.165547151243605,0.703276127540458,0.688701420361445
1,208,0.291513358935495,0.0812575053693139,0.151260264859888,0.0812300348067226,0.09061909726094,0.206366033842773,0.770245339541876,0.638499148078973
1,209,0.129847085996532,0.0738055125087864,0.0858445308633993,0.103231150497335,0.0738075347402041,0.162535951972721,0.546578526823671,0.670985362957323
1,210,0.160694591883002,0.0704197313597554,0.128787728837048,0.0723723983870884,0.0703795237819832,0.136752536508726,0.652921837540134,0.665759717818816
1,211,0.160694591883002,0.0704197313597554,0.128787728837048,0.0723723983870884,0.0703795237819832,0.136752536508726,0.652921837540134,0.665759717818816
1,212,0.110370768745858,0.0359350916372211,0.0359460734851021,0.0510666826478019,0.112881664733959,0.151318573562229,0.51727898414193,0.648311296192541
1,213,0.148943140224768,0.098987187535508,0.131425864503357,0.107282594744395,0.0989853470487107,0.110912191156955,0.42202509006821,0.653545197161585
1,214,0.162601667248978,0.103366987711467,0.109424177299885,0.103362772926447,0.126443220423724,0.131422684521968,0.561804733268921,0.629919215921244
1,215,0.20135462888234,0.105381305820612,0.105275507858484,0.133737184368264,0.124519970728337,0.149328319591823,0.512705690637754,0.717387742470297
1,216,0.102774930928731,0.00773494710186487,0.0694804246428878,0.0077719679009445,0.0671661921705977,0.116289759767443,0.55231327768581,0.718691883966323
1,217,0.213388005833418,0.102082929891107,0.107277006882092,0.114381832724902,0.102174975015993,0.136427059038882,0.587602700715683,0.70542448768028
1,218,0.185202211436729,0.0555788692950571,0.0941798098844109,0.0554836473486986,0.126305067474686,0.121322943946822,0.5778953608087,0.7343714935783
1,219,0.185202211436729,0.0555788692950571,0.0941798098844109,0.0554836473486986,0.126305067474686,0.121322943946822,0.5778953608087,0.7343714935783
1,220,0.152666789475253,0.0624450487215907,0.0922644402275938,0.062457976450243,0.115212435463337,0.150562846123779,0.723084796525613,0.563092804200907
1,221,0.103399036622039,0.0479144858153589,0.0559932723689405,0.0580080424456102,0.0478730784435273,0.139452960121951,0.790878822339458,0.705153599779906
1,222,0.103399036622039,0.0479144858153589,0.0559932723689405,0.0580080424456102,0.0478730784435273,0.139452960121951,0.790878822339458,0.705153599779906
1,223,0.103399036622039,0.0479144858153589,0.0559932723689405,0.0580080424456102,0.0478730784435273,0.139452960121951,0.790878822339458,0.705153599779906
1,224,0.125837280710945,0.0398527998903243,0.0837281993983725,0.106149079066397,0.0398674741984207,0.1422537505524,0.555084031214286,0.755726569198754
1,225,0.146249517041202,0.0927993922638984,0.143546429557732,0.0927558573569985,0.101187346525752,0.165112261611489,0.534381605912755,0.700848935098061
1,226,0.19671544187076,0.0625521473767364,0.0836190197618858,0.0937625965850209,0.0625546318124644,0.152762128732005,0.657857419282798,0.638574729577191
1,227,0.195676850866794,0.0633252333879962,0.104125053186156,0.0633281027081963,0.0948803631042309,0.136952997896042,0.578282958859313,0.677315123506665
1,228,0.103392435623464,0.0592021435965133,0.0820273542729565,0.0877695401421461,0.0591993336395473,0.116635475230323,0.638128170685634,0.741609914587936
1,229,0.233679679645023,0.0838006666448747,0.129662046469358,0.125328712026817,0.083773438722202,0.129144658050089,0.676992297660377,0.595192602507148
1,230,0.228190335154641,0.111471905163846,0.142551159872924,0.132301928429392,0.111381601081364,0.136205820619325,0.824385143339132,0.64092467714209
1,231,0.160553946803817,0.0986634777240001,0.09868071816721,0.1253214610993,0.121420298153642,0.159670055022999,0.847636855776621,0.640096198440611
1,232,0.160553946803817,0.0986634777240001,0.09868071816721,0.1253214610993,0.121420298153642,0.159670055022999,0.847636855776621,0.640096198440611
1,233,0.160553946803817,0.0986634777240001,0.09868071816721,0.1253214610993,0.121420298153642,0.159670055022999,0.847636855776621,0.640096198440611
1,234,0.208328115766244,0.0417073168513233,0.102032197751823,0.0417248608406337,0.0529543167716923,0.145462697456448,0.638104767892021,0.700670402642153
1,235,0.193513662663487,0.0817192693843955,0.0817014019990356,0.0867099903247588,0.106991691182761,0.122779995188726,0.641159609236658,0.71078642188778
1,236,0.219576809480269,0.0690189686364567,0.168321052173561,0.146687724378539,0.0689869849296114,0.148688658718788,0.603457827107209,0.656266944147174
1,237,0.194627666195425,0.0584541574846072,0.112986913555051,0.0584347151682804,0.127250319303441,0.137622919774224,0.530807323469461,0.715809972116894
1,238,0.102744511555334,0.0357599373482758,0.0375965908072735,0.035683988675713,0.0451112575351321,0.151736802287432,0.651935931674545,0.692119665137142
1,239,0.186733028204637,0.0637655718376271,0.0636748895463605,0.0978563656766406,0.102570317607004,0.152708127000683,0.762690468134331,0.686099214010212
1,240,0.156571123183099,0.0590941122251214,0.0743752863773829,0.0591110748956866,0.0890306257490389,0.119822604782456,0.754885295636356,0.665257660125451
1,241,0.105568165629457,0.0842824697820589,0.0906597855703087,0.0905916018177811,0.0842844694179479,0.126435500082168,0.513476606662469,0.716297543487977
1,242,0.192721461024715,0.089415823195329,0.130684831344891,0.0893921389237324,0.0987543699495303,0.145466604727693,0.616799223584194,0.696252809467668
1,243,0.137272140242225,0.0288800833241651,0.102217946206319,0.0337161572500921,0.0288569907304994,0.139352297402603,0.691051981538889,0.65712363824774
1,244,0.191911629523032,0.0999537872221126,0.0999680705737845,0.110263973217193,0.104682838724918,0.128369971440722,0.649318553598846,0.654941372364033
1,245,0.104156485350676,0.0323764652463549,0.057747436968171,0.0942907760241399,0.0324184680963836,0.135558696500426,0.685059010382852,0.651407366755507
1,246,0.0978907238502909,0.00616346991750287,0.00615705994376644,0.0308807734958887,0.0469512159099398,0.136394811282423,0.619837447551478,0.701697783427376
1,247,0.120964051710504,0.0842279823646143,0.106824700645953,0.0842297046540478,0.0893477546266394,0.151743096567266,0.65170744384654,0.668718585612235
1,248,0.216802838665337,0.10006729044559,0.100122510572737,0.100976795723352,0.122795012098744,0.162054197012138,0.700711307937703,0.655954338089708
1,249,0.158166005412384,0.0662812468733513,0.114221380312709,0.0662750349641221,0.12739125440994,0.13735969534077,0.899126090946309,0.624387221291993
1,250,0.158166005412384,0.0662812468733513,0.114221380312709,0.0662750349641221,0.12739125440994,0.13735969534077,0.899126090946309,0.624387221291993
1,251,0.145893276603948,0.026088598890856,0.0260554318200211,0.0646170822298458,0.0786465715929272,0.174576935596089,0.757481945952396,0.675495124448328
1,252,0.11736746033877,0.057539286761786,0.0574419789421409,0.0643611793025848,0.0593486796526387,0.130574295854942,0.877470395880633,0.640107097334041
1,253,0.152328964312621,0.0462089361351042,0.0949479976708733,0.04622908031871,0.0834614125820737,0.176338689845026,0.720242911424467,0.672923836182402
1,254,0.194218489963347,0.0353720426324809,0.0845888373838585,0.0709615433612046,0.0354787950239501,0.169942283464518,0.55408177654715,0.710594703060269
1,255,0.215980525061762,0.0934434214620201,0.136940018238671,0.0934977439990957,0.116116284244212,0.143817789839822,0.710012607341411,0.645825268235697
1,256,0.215980525061762,0.0934434214620201,0.136940018238671,0.0934977439990957,0.116116284244212,0.143817789839822,0.710012607341411,0.645825268235697
1,257,0.195649854970496,0.0864711513793908,0.09227138851154,0.133942743192898,0.0865199141462539,0.142799038778553,0.622834084536584,0.683704575143958
1,258,0.132244682697171,0.0361086427872204,0.0460677325718509,0.0501492449413071,0.0361116184383222,0.139570802695509,0.618717608085206,0.663181226731247
1,259,0.0887421623979676,0.0841682153786418,0.087649029611734,0.0841558129986402,0.0866472731241625,0.140282689328331,0.472238633053064,0.695770814057873
1,260,0.20837612380327,0.103780282161096,0.120348652336296,0.10376900114116,0.146503117816526,0.120222242968294,0.567386962185383,0.660549803557431
1,261,0.184676345103205,0.0848255620929543,0.148063641805527,0.0848034851979028,0.108642284732304,0.121004367528651,0.796937371893816,0.638071568685799
1,262,0.168305014297402,0.0208544186944427,0.0722341743149902,0.0208343872241248,0.111780196029683,0.11743061361001,0.736233626976833,0.679355290255099
1,263,0.150254704853138,0.0304653254816452,0.0304195157182425,0.0687844516399584,0.0909000242493304,0.133142236953688,0.463511388187058,0.748247878380034
1,264,0.194437863657524,0.119699071219124,0.1557894063457,0.155486551855515,0.119692137175556,0.125545864527886,0.624661259173234,0.644118586250965
1,265,0.192538804443103,0.108002055461894,0.123174666055751,0.120050747263096,0.108006445700108,0.111194480008115,0.69796436638116,0.643486004875665
1,266,0.142946016354525,0.0348689548104036,0.0649372239189429,0.0941800283785104,0.0348291737811067,0.105042584227255,0.435929651266724,0.801556620021804
1,267,0.127478897135454,0.056396590118445,0.0753151295629534,0.056386438767736,0.0816999002749453,0.120950830745047,0.854712230139405,0.556546925508612
1,268,0.202359054310192,0.0166379111493135,0.0180759985320098,0.0421701998208449,0.0166799124995366,0.142995959700129,0.847462619425196,0.691358293480687
1,269,0.185384491208783,0.0426642895209595,0.0426685209512811,0.0727808648161612,0.125108650082014,0.120003850407354,0.820683180337234,0.653490806258479
1,270,0.231566817149595,0.0587436239071716,0.104365889528163,0.146259968310432,0.058657983426085,0.165905795798685,0.64190611398551,0.70931749272298
1,271,0.204658571308237,0.106240981416044,0.126621177206727,0.106275619556905,0.128252980431473,0.145576595093035,0.850797382943964,0.686616420767515
1,272,0.204658571308237,0.106240981416044,0.126621177206727,0.106275619556905,0.128252980431473,0.145576595093035,0.850797382943964,0.686616420767515
1,273,0.171866574777193,0.0999411225913448,0.0998782603614028,0.127965767761787,0.140700146484427,0.106676673172436,0.854497717399975,0.669077326622268
1,274,0.189641384653863,0.10641213378158,0.129291286628247,0.136443603987239,0.106471001383335,0.117554867575164,0.926025621815141,0.665492749566094
1,275,0.174770136864273,0.0980066356464069,0.103826710384111,0.121302116404592,0.0979979326449352,0.123586377022888,0.595047820082047,0.674674264666645
1,276,0.195318857622596,0.093138031683032,0.135081419048789,0.112692918311323,0.0931317140044839,0.121067240016183,0.667167779085589,0.693103585495057
1,277,0.196797227258853,0.071041176345977,0.166193972152127,0.153808854653635,0.0710547185396537,0.129729057702735,0.809225588259187,0.646834409451595
1,278,0.189150821526132,0.0836045095544597,0.112347632355074,0.111132115958916,0.083530524799601,0.129825214497751,0.620187694348117,0.669595783994053
1,279,0.212550433585242,0.0684661969302348,0.0684706013561395,0.0895504388109272,0.129899674914754,0.162820537836484,0.762896166607119,0.602666021058936
1,280,0.118845172558257,0.0518852090349945,0.0519161742927024,0.100321325629349,0.0811969027515917,0.121053720954941,0.84854219090884,0.733870309627413
1,281,0.118845172558257,0.0518852090349945,0.0519161742927024,0.100321325629349,0.0811969027515917,0.121053720954941,0.84854219090884,0.733870309627413
1,282,0.202718563058251,0.0938470244826483,0.14498549333176,0.093750696863918,0.13613761568001,0.129613225942666,0.840020530674542,0.68942235572216
1,283,0.221699816990791,0.0736712517939315,0.0736727689914287,0.0781297057976336,0.0781655310124111,0.122351608689404,0.816018559328877,0.661499620282465
1,284,0.104822690538232,0.0453468655142025,0.10742621547025,0.0453277042370437,0.104047765982327,0.115103451697568,0.590853198446676,0.692262766492468
1,285,0.154024194232883,0.0916366506568293,0.10353478373669,0.0940013097611021,0.0915805681284289,0.145698481662185,0.586586523586877,0.675619530890619
1,286,0.162794800978828,0.0716765355314453,0.131135079792469,0.0716556769837344,0.149145115373445,0.127750757457065,0.696058494544137,0.699381601631415
1,287,0.120282613377628,0.0316734581864255,0.0545794353178196,0.0584753410874453,0.0316522733517208,0.127608419322272,0.815362931469934,0.671601623864026
1,288,0.120282613377628,0.0316734581864255,0.0545794353178196,0.0584753410874453,0.0316522733517208,0.127608419322272,0.815362931469934,0.671601623864026
1,289,0.237056357672822,0.126941406226813,0.194532225275328,0.126925416737846,0.167504494060242,0.145914833882845,0.856468732906479,0.591777697100847
1,290,0.237056357672822,0.126941406226813,0.194532225275328,0.126925416737846,0.167504494060242,0.145914833882845,0.856468732906479,0.591777697100847
1,291,0.174917920259134,0.0853339845044062,0.124679107789318,0.0853657420132929,0.102295559003285,0.152361578397006,0.627262262268772,0.667884377437137
1,292,0.154649282980924,0.0589458444840017,0.0982530858236141,0.0589201415187442,0.085455417809521,0.128894414497081,0.777489688826931,0.691705874963116
1,293,0.270971349151957,0.0418939741561486,0.0662372592235271,0.0419206487013393,0.157657494028973,0.15270108320379,0.744493237268493,0.653976829411163
1,294,0.170964916186486,0.0636906188226771,0.0846089554243627,0.0728211590431166,0.063707110290923,0.147417859884441,0.666086051307065,0.699767887484768
1,295,0.167879341682066,0.0747329494704616,0.0746239376642964,0.0868717081638834,0.105564276702761,0.134689077077917,0.64585425017607,0.667734826133333
1,296,0.190629580780407,0.0848624623748439,0.113052908761773,0.134740425205662,0.0848696167892596,0.1214906617727,0.798200289776981,0.56595929410504
1,297,0.190629580780407,0.0848624623748439,0.113052908761773,0.134740425205662,0.0848696167892596,0.1214906617727,0.798200289776981,0.56595929410504
1,298,0.158640620748457,0.0301724317889214,0.087383530230171,0.0301354182363494,0.10213905397007,0.118367170395277,0.556001147683937,0.762808106345471
1,299,0.119155655818559,0.0930785501654902,0.111751485190819,0.093074743007494,0.122157294696072,0.131045691241909,0.773603681955105,0.598009922007898
1,300,0.156472662931308,0.0650404500009903,0.0649523084564816,0.0783404617458978,0.0786180207743406,0.132343638584228,0.842349203960585,0.685107923368237
2,1,0.251259525997151,0.159454960383907,0.178225984714493,0.179569405053144,0.159501396980529,0.141860050850463,0.805437847544985,0.650588412272945
2,2,0.17799764576668,0.0594661350292035,0.0593616255857703,0.0783493413493217,0.12054860385896,0.10443193568729,0.814681458848107,0.67111913260292
2,3,0.17799764576668,0.0594661350292035,0.0593616255857703,0.0783493413493217,0.12054860385896,0.10443193568729,0.814681458848107,0.67111913260292
2,4,0.194375624819621,0.0335908908452014,0.0555597217560485,0.0357575655601512,0.0335214763276103,0.151008973274579,0.711315071747451,0.715967052971661
2,5,0.137597979168541,0.0364861088927278,0.0467487076837557,0.0365120586280901,0.0822178334911168,0.131287603681019,0.416092022637879,0.785065778536931
2,6,0.106910976922644,0.0721634808517977,0.0958336269793744,0.100388530165476,0.0721167317716602,0.0878850163685245,0.64986660415318,0.624579582982138
2,7,0.196339754992451,0.105800925757373,0.105781956965439,0.11560787587451,0.131004557195857,0.136876183196944,0.530596750946139,0.649603434242349
2,8,0.125435178887389,0.062068176913919,0.0621152511582895,0.0711428235942149,0.0650302068344055,0.10495153509292,0.56004420408276,0.668974142549889
2,9,0.149935900649338,0.0263153834379338,0.0575660671615258,0.0263277483696876,0.119424496925754,0.119753117124979,0.600198933106458,0.673869187814246
2,10,0.166393369572681,0.105892735545891,0.160799685314097,0.105876032326098,0.15658580497951,0.148372280344914,0.558451167354294,0.62060624161448
2,11,0.147926116049021,0.0205239857965288,0.0204323484572286,0.0317724669355122,0.0469757057898614,0.135460652799105,0.36368502735091,0.78724555191335
2,12,0.248478081013518,0.113971369342453,0.113893493152119,0.135458396810644,0.118344988918716,0.145627810248467,0.765301675734924,0.649016087456871
2,13,0.248478081013518,0.113971369342453,0.113893493152119,0.135458396810644,0.118344988918716,0.145627810248467,0.765301675734924,0.649016087456871
2,14,0.164113947644618,0.0440393988348681,0.0440319322277438,0.067614613279532,0.0560192357099396,0.126844424381571,0.689256818511391,0.624571857585367
2,15,0.151432012028216,0.0773487768493142,0.116534312123323,0.0881545745818744,0.0773494549814566,0.116732207835346,0.418354589867605,0.725819181607313
2,16,0.226105439184122,0.0478381165211909,0.0477905088104513,0.060390211497326,0.132196763436821,0.149290138072783,0.573672348478288,0.604510918333452
2,17,0.162370721301848,0.0471783045044921,0.092655969456874,0.047204339112092,0.11828643618769,0.138151782573072,0.582814083640909,0.688750182786429
2,18,0.162370721301848,0.0471783045044921,0.092655969456874,0.047204339112092,0.11828643618769,0.138151782573072,0.582814083640909,0.688750182786429
2,19,0.103487769528681,0.0468915807899308,0.0469035364208146,0.0702191539284606,0.0525988260698884,0.134958800523068,0.632897820314495,0.742626812211188
2,20,0.087848710340651,0.0577929162015113,0.0889807270823207,0.07228231152623,0.0577659659430958,0.122701989058763,0.602349482514174,0.569046614119128
2,21,0.110499835984036,0.0596847784150174,0.0597092776237848,0.09605926306193,0.101151459433037,0.13516233657487,0.708273813481657,0.688293398906757
2,22,0.246223701541385,0.0700354336737374,0.121929507037548,0.120044245393842,0.0699861720859038,0.13318581735495,0.810335089855728,0.672598742851675
2,23,0.246223701541385,0.0700354336737374,0.121929507037548,0.120044245393842,0.0699861720859038,0.13318581735495,0.810335089855728,0.672598742851675
2,24,0.121798390166283,0.102134683923216,0.111857853007309,0.131106072347467,0.10214798847425,0.120298588842224,0.632020926450142,0.660595426197475
2,25,0.121798390166283,0.102134683923216,0.111857853007309,0.131106072347467,0.10214798847425,0.120298588842224,0.632020926450142,0.660595426197475
2,26,0.185998125070444,0.0579273824800922,0.0578368500821081,0.072389066917695,0.131076332349982,0.131595581123299,0.601816624265071,0.647805020864134
2,27,0.20974330873477,0.0851246962604239,0.13955768465813,0.120882524687279,0.0851088698756699,0.106450758349247,0.722750711862068,0.69564222038372
2,28,0.233755395543458,0.0473354340604406,0.0473478033419257,0.112085113134346,0.0642585323965923,0.109992681659997,0.778728556422734,0.631764486647182
2,29,0.134365911510919,0.104196010632878,0.111410528067256,0.12545817155635,0.104193820598547,0.126835096909826,0.853140959617187,0.620011946171165
2,30,0.190648999369531,0.122321767091171,0.122320137657818,0.130441808600862,0.136813819025957,0.106493645376467,0.714608041670805,0.670034655973668
2,31,0.172575954161574,0.0708136656873424,0.0820685092310959,0.0708067679361932,0.10341340927541,0.131345102376471,0.569974347299574,0.650464829460705
2,32,0.186104944474812,0.0399337731840891,0.0399008719726558,0.0628417298781351,0.0567659538096818,0.138220557574425,0.651453101092521,0.644051028331825
2,33,0.162260878896946,0.0435627087087194,0.0720107028682719,0.0435251199867157,0.0979727879351108,0.165326263259102,0.690799993212994,0.692616445318414
2,34,0.140171830721591,0.112210962985283,0.112215636535515,0.135520621149115,0.11547674462396,0.150040221472918,0.784645218218159,0.642440094374679
2,35,0.236330046186772,0.0394290400577003,0.0861271714758816,0.0820370270655269,0.0393844577991403,0.165424455408644,0.864303303033711,0.696169363521304
2,36,0.246495575369012,0.0554549911728816,0.0554023020605666,0.10274361728052,0.141484593036405,0.180783600168047,0.715219420756928,0.716080157093771
2,37,0.218077072573982,0.0673017591745323,0.0837249647693214,0.0777462180317323,0.0673173807555062,0.176998080697247,0.778865652428174,0.646316798605893
2,38,0.218077072573982,0.0673017591745323,0.0837249647693214,0.0777462180317323,0.0673173807555062,0.176998080697247,0.778865652428174,0.646316798605893
2,39,0.218077072573982,0.0673017591745323,0.0837249647693214,0.0777462180317323,0.0673173807555062,0.176998080697247,0.778865652428174,0.646316798605893
2,40,0.148412668353367,0.0633089716377145,0.101550241502409,0.0632902378141815,0.107359999443121,0.154978440408353,0.666713563414866,0.675086980572295
2,41,0.160883314025239,0.0383583764928306,0.0383641723572977,0.0870958798633286,0.0423734993031827,0.102569521418895,0.474500460192429,0.738319465817539
2,42,0.187830702741622,0.0818777459849918,0.109950465837404,0.0818657153340082,0.104543317404223,0.115760370708629,0.365569239538582,0.73781268708194
2,43,0.0991142150472582,0.0480294454510931,0.0531725451187182,0.0482602170198574,0.0480328070436857,0.131323198369321,0.41411115582288,0.707704563793155
2,44,0.0991142150472582,0.0480294454510931,0.0531725451187182,0.0482602170198574,0.0480328070436857,0.131323198369321,0.41411115582288,0.707704563793155
2,45,0.169849464285506,0.101729388108788,0.113838676581958,0.101816892521136,0.116963352185538,0.147675468049332,0.640345161618954,0.709433235289297
2,46,0.12736562798386,0.0179825349138301,0.0178650799916366,0.085584761639297,0.028978622087246,0.125023204610949,0.68276073622023,0.739970898655378
2,47,0.196452572611096,0.0493639271197457,0.124892587016994,0.142340744411085,0.0494046842734315,0.156633084959982,0.729630764518716,0.637356417667334
2,48,0.242305966953788,0.0869421544584134,0.15292804659411,0.157970940433049,0.0869369717585871,0.190611277141496,0.550482689649821,0.710055419722891
2,49,0.242305966953788,0.0869421544584134,0.15292804659411,0.157970940433049,0.0869369717585871,0.190611277141496,0.550482689649821,0.710055419722891
2,50,0.198037039255831,0.133919142020451,0.160643531622418,0.133901269310899,0.139249759828694,0.18092741819008,0.765162100734047,0.647173205382687
2,51,0.188006082376925,0.0821712978476196,0.0886970089901153,0.0820759856806393,0.0927450366278703,0.171449240569886,0.796792766077912,0.635969451152861
2,52,0.19074250923713,0.133798727025812,0.156475802601002,0.192108693389154,0.13379187517735,0.179900996576204,0.749639027804415,0.658143352128344
2,53,0.141906742265913,0.0206447620959681,0.0792865042268493,0.0711777078849524,0.0206513231926726,0.132833301128304,0.671286129943891,0.62029952006886
2,54,0.135531869640002,0.0225289080546871,0.0225571786275938,0.0715684068794273,0.104577234628065,0.140338272246699,0.579318807183229,0.70883392566591
2,55,0.108637115434458,0.0508143897890209,0.0579046911288634,0.0507530197858336,0.0799033796090663,0.07122611214491,0.844096347219037,0.691248263087108
2,56,0.108637115434458,0.0508143897890209,0.0579046911288634,0.0507530197858336,0.0799033796090663,0.07122611214491,0.844096347219037,0.691248263087108
2,57,0.194463713140489,0.104241333189403,0.135859379394673,0.152882870239713,0.104249135859745,0.100292734069749,0.772683628697947,0.624575670496774
2,58,0.219008965121201,0.115350945259647,0.131873873444398,0.128998000061349,0.1153562031126,0.125389134619869,0.683431864637359,0.671486191940514
2,59,0.189196879422791,0.0474192192913455,0.0474350808050103,0.128241366849226,0.077250875285926,0.159134031764951,0.495758340435635,0.731014292861907
2,60,0.218228173307532,0.0376250723556361,0.0375327045781861,0.0694301010675098,0.0879237681628858,0.146106081270582,0.816625206398586,0.589675324666656
2,61,0.13915451844689,0.0372668954505514,0.113859045017372,0.0845167772614124,0.03726448393324,0.133147330624815,0.676433705751901,0.611882023395662
2,62,0.166885741790312,0.0197477627929215,0.0653584422055898,0.0197656150289496,0.123409135618388,0.139041824675484,0.633554628804672,0.62506628016742
2,63,0.190330200110068,0.0365827386570796,0.0636330716187022,0.0623688848254474,0.0365819469057776,0.14495898543052,0.573689220982152,0.66422842316896
2,64,0.211501968885997,0.130269477027608,0.156428358038011,0.162679477647091,0.130209747430207,0.170663833066182,0.678167472140255,0.656617741896411
2,65,0.163074316703332,0.0630064703812208,0.145736055242395,0.113200223169216,0.0630121710576304,0.128882943379345,0.760042039350402,0.609420059348868
2,66,0.0957427817393084,0.0798995589501883,0.0967429549432309,0.093233005028706,0.0798318542271294,0.125750367461292,0.322943534191413,0.708595320240974
2,67,0.103328357253835,0.0660273646353225,0.06602870947233,0.0815358245364151,0.0739555320703872,0.0991068965352814,0.499173792413837,0.741541391685206
2,68,0.161503776823658,0.119846355901474,0.160296680632151,0.12705952322862,0.119820399995672,0.116973058036325,0.519899168008955,0.613909680784139
2,69,0.237759874229889,0.0907609114864031,0.0906595686323732,0.10522352957947,0.134918899090279,0.120707284915078,0.729797411852371,0.670484972076143
2,70,0.18678197292753,0.0639936328244717,0.0987529910160516,0.110738157056252,0.0639810790782103,0.120830440653303,0.736891631284742,0.589431660176174
2,71,0.163515651673792,0.0903286087279429,0.0903574887267638,0.0990228968646809,0.100657894477987,0.0881001487749135,0.780636352041791,0.699685851572501
2,72,0.233227535975404,0.0440136170047288,0.0439201049099681,0.0695495314276911,0.102045528085783,0.125699929866836,0.768509305474093,0.678396015311338
2,73,0.171126236871633,0.0156997115451087,0.0556515845461721,0.0157444733826352,0.106118256520531,0.173790728506821,0.817455486390019,0.674858071286012
2,74,0.171126236871633,0.0156997115451087,0.0556515845461721,0.0157444733826352,0.106118256520531,0.173790728506821,0.817455486390019,0.674858071286012
2,75,0.123647887234875,0.00725977989022878,0.00715940404210532,0.0400213307234973,0.0672553315969213,0.143102175145551,0.624714063082143,0.671701567255767
2,76,0.136758416807927,0.0567392967985961,0.06105081021861,0.0773078283865029,0.0567478743213962,0.138791257334927,0.677463641569831,0.754674907462546
2,77,0.166863433615909,0.0353963146711422,0.0994825546810479,0.131157777256305,0.0354015917918824,0.134404792393895,0.786265558509944,0.621355073671734
2,78,0.166863433615909,0.0353963146711422,0.0994825546810479,0.131157777256305,0.0354015917918824,0.134404792393895,0.786265558509944,0.621355073671734
2,79,0.137610486582391,0.081617166034618,0.103414080371164,0.0967216634856137,0.0816008095469141,0.130912771674711,0.672686437347142,0.683533139172794
2,80,0.113438408403895,0.0220448967925852,0.0299628149893597,0.0219761113881358,0.0880887196788112,0.134731728447318,0.727239912637301,0.717712994260031
2,81,0.076491555028358,0.0499907051393449,0.0499946683729431,0.0735805671102607,0.0590910215779702,0.106455090383527,0.644933012877746,0.725049853604116
2,82,0.220383895571982,0.0184921958512031,0.0185280874535236,0.0525065325523848,0.0634615701082543,0.155668897344611,0.740262581512505,0.700272549689846
2,83,0.173893583158873,0.0854986360586025,0.0945849019437495,0.0855297812842667,0.0992326749089154,0.147559620189439,0.779564084580456,0.647101983432081
2,84,0.190607865372909,0.102955035220639,0.154033798063337,0.162689413212647,0.102980386980582,0.124932070093857,0.779220201579559,0.624445900502544
2,85,0.173440974861627,0.0327713382562976,0.0563628586517557,0.032713452943805,0.149236968603654,0.10449457959776,0.900364631141445,0.674387215894754
2,86,0.173440974861627,0.0327713382562976,0.0563628586517557,0.032713452943805,0.149236968603654,0.10449457959776,0.900364631141445,0.674387215894754
2,87,0.173440974861627,0.0327713382562976,0.0563628586517557,0.032713452943805,0.149236968603654,0.10449457959776,0.900364631141445,0.674387215894754
2,88,0.239263699303585,0.067891907099733,0.0861500750671882,0.19420666875657,0.0678957127881669,0.158126180375934,0.884820201816125,0.650331050535283
2,89,0.145846851490448,0.0480337711279153,0.105893556609577,0.0645460259278829,0.0479941455634541,0.116125514104923,0.634665090980407,0.697365752409947
2,90,0.199829598369763,0.0880856061036999,0.0880681382006687,0.0906293757002672,0.136037112276925,0.129483909672684,0.636746329799111,0.717543503240133
2,91,0.172237821536676,0.0383732202338904,0.0854773842541431,0.0523449064698497,0.038368635287993,0.112148904225337,0.760234393503954,0.678851731476322
2,92,0.203479386988036,0.0639715359219881,0.123863885224366,0.151350807650825,0.0640431306714121,0.123463727964961,0.69589215924808,0.626401147330161
2,93,0.12685844182995,0.0671864697928986,0.108713038791345,0.10893999770731,0.0670915541704714,0.133359239089393,0.605515745534072,0.696021518150472
2,94,0.119683647708726,0.0595089302136902,0.0756192317787912,0.0839934492482257,0.0595651265558827,0.109171034193379,0.866276788756342,0.674433041469842
2,95,0.119683647708726,0.0595089302136902,0.0756192317787912,0.0839934492482257,0.0595651265558827,0.109171034193379,0.866276788756342,0.674433041469842
2,96,0.0618681727743128,0.0275739051329193,0.0281968926108248,0.0275731512372349,0.0496383123011835,0.12515763871775,0.366612663731006,0.83740376557496
2,97,0.170214145087335,0.0410546946330092,0.120456826901625,0.0408937204669322,0.055612839036635,0.142739642078782,0.599589576478717,0.703552714399902
2,98,0.170214145087335,0.0410546946330092,0.120456826901625,0.0408937204669322,0.055612839036635,0.142739642078782,0.599589576478717,0.703552714399902
2,99,0.154353606596723,0.147901653896506,0.151055012087923,0.160637609456415,0.147899515534698,0.133175628693575,0.790866362813254,0.619476260566427
2,100,0.154353606596723,0.147901653896506,0.151055012087923,0.160637609456415,0.147899515534698,0.133175628693575,0.790866362813254,0.619476260566427
2,101,0.154353606596723,0.147901653896506,0.151055012087923,0.160637609456415,0.147899515534698,0.133175628693575,0.790866362813254,0.619476260566427
2,102,0.179193719923057,0.0696248591436691,0.0725382881436148,0.0695500332677178,0.158898056590285,0.121478218030151,0.812533307806812,0.611704252209299
2,103,0.174395340579749,0.0369793915682763,0.0369902012719806,0.040499054159861,0.15016026851424,0.111911295528607,0.56539357981528,0.704760486472465
2,104,0.231639070851404,0.0557620763289004,0.0558281905794092,0.150100666198172,0.121183255637255,0.131451323619877,0.694494797029728,0.658796707759482
2,105,0.231639070851404,0.0557620763289004,0.0558281905794092,0.150100666198172,0.121183255637255,0.131451323619877,0.694494797029728,0.658796707759482
2,106,0.128419403735823,0.0730063835241772,0.0729969704702377,0.113743236904741,0.0912392062164847,0.0976799818414231,0.623165939773872,0.65767098869793
2,107,0.117431599786262,0.0606381690118343,0.0640712081136733,0.0606162076249575,0.0850716194500436,0.110213366508998,0.602223649022186,0.721023541852211
2,108,0.135583402077892,0.0468571220848599,0.0468486948605263,0.0643575745297855,0.0909810278058778,0.148588647500897,0.435571572864552,0.716335723485833
2,109,0.135583402077892,0.0468571220848599,0.0468486948605263,0.0643575745297855,0.0909810278058778,0.148588647500897,0.435571572864552,0.716335723485833
2,110,0.0810387670005991,0.016064707583607,0.0357266631742425,0.0351280440988061,0.0160950971244344,0.112863908243985,0.607949161238966,0.682831875663446
2,111,0.131493958803796,0.0380704910261001,0.108173956526905,0.121282281343522,0.0380779547734462,0.116727135774397,0.930304473111562,0.674341049118449
2,112,0.22315708152616,0.0880794278547293,0.124431218158172,0.175361046986296,0.088128778452396,0.145194378885949,0.853541686545887,0.661887270308036
2,113,0.0663408501375815,0.0361766323648328,0.0494996706673787,0.0584029995017478,0.0361823054164391,0.133624648321317,0.6680031722384,0.65274880896907
2,114,0.132316905425067,0.0263856106618109,0.0262995660186521,0.0616518808030399,0.10688798126768,0.123347544390953,0.796485100377843,0.65228560985105
2,115,0.132316905425067,0.0263856106618109,0.0262995660186521,0.0616518808030399,0.10688798126768,0.123347544390953,0.796485100377843,0.65228560985105
2,116,0.169251658866755,0.0560616302288751,0.097261385848033,0.0855280653332747,0.0561021856726501,0.133359685689925,0.739842767706845,0.661783619028192
2,117,0.133295340043355,0.0576200665798704,0.0575517738282303,0.0736133473921636,0.0739724102780431,0.0964931867739001,0.610692891310398,0.691876496953649
2,118,0.169073914313114,0.0874539758598201,0.0874461276265862,0.0944933888320479,0.102281263083405,0.143883585029222,0.571547793387053,0.651483875304737
2,119,0.14376618875473,0.0803708241805282,0.0803797933205615,0.104178459284846,0.0836036046675302,0.120119502100174,0.617802256647735,0.665151920478541
2,120,0.169375023080783,0.049960571253061,0.11412602814671,0.111635971699373,0.0499578983967146,0.142243448815557,0.701782648680629,0.66048191094783
2,121,0.171372951233315,0.0308132431034557,0.0308230235105705,0.0490681386336006,0.0922983134832544,0.153893095291023,0.826524260241012,0.697121252606293
2,122,0.165375860961181,0.0875544541506999,0.13212407837552,0.148282759868631,0.0874765542704578,0.155992020237851,0.786386408915399,0.686751194109366
2,123,0.165375860961181,0.0875544541506999,0.13212407837552,0.148282759868631,0.0874765542704578,0.155992020237851,0.786386408915399,0.686751194109366
2,124,0.260484399513791,0.0741617363936186,0.0896159449030246,0.0741639750614616,0.147863769233114,0.146945659842298,0.671989287929285,0.650433332908569
2,125,0.104074829183656,0.0688131619496784,0.0780785341453626,0.0916545160842553,0.0688367533693209,0.128640478921204,0.910473368248435,0.692771600508295
2,126,0.104074829183656,0.0688131619496784,0.0780785341453626,0.0916545160842553,0.0688367533693209,0.128640478921204,0.910473368248435,0.692771600508295
2,127,0.104074829183656,0.0688131619496784,0.0780785341453626,0.0916545160842553,0.0688367533693209,0.128640478921204,0.910473368248435,0.692771600508295
2,128,0.104074829183656,0.0688131619496784,0.0780785341453626,0.0916545160842553,0.0688367533693209,0.128640478921204,0.910473368248435,0.692771600508295
2,129,0.104074829183656,0.0688131619496784,0.0780785341453626,0.0916545160842553,0.0688367533693209,0.128640478921204,0.910473368248435,0.692771600508295
2,130,0.177410166030861,0.126567119402517,0.131257917635842,0.126546310121853,0.138881785958994,0.119049608020122,0.830340329899666,0.592886380247043
2,131,0.272883245721442,0.0928871673372192,0.186155261046162,0.159727611537438,0.0929064948122705,0.145034522103928,0.811963286151795,0.602931073435498
2,132,0.198504304703683,0.0398621663793874,0.0397700447398429,0.0467382853986027,0.120434438597341,0.141395270879503,0.933590558625624,0.619145939299916
2,133,0.157147751944828,0.0628735732965945,0.0717206295487404,0.0744667745596969,0.0628047639283164,0.108129955125279,0.903923659432298,0.701090028771728
2,134,0.157147751944828,0.0628735732965945,0.0717206295487404,0.0744667745596969,0.0628047639283164,0.108129955125279,0.903923659432298,0.701090028771728
2,135,0.208785500064129,0.0723045766108039,0.146561383618893,0.136502288780105,0.0723615811533552,0.131820805327945,0.645465911906422,0.711291356640702
2,136,0.0947771843197113,0.0711888890743064,0.0712005846543695,0.0991494026584007,0.0916064815031556,0.124223966917257,0.425017185328855,0.713004590254588
2,137,0.137022362815257,0.0793181255811282,0.0793309674179501,0.0856011316270381,0.100477530499799,0.124261061270545,0.494688306647449,0.726455641402031
2,138,0.185879702171867,0.061156912685855,0.0779460372791681,0.162117469848859,0.0610937968857919,0.148083878073314,0.541637652294521,0.667744239459337
2,139,0.160606396493212,0.0618549831904529,0.123636488629305,0.127201399705528,0.0618483703627095,0.120953741829873,0.694926949070937,0.637244074866145
2,140,0.160606396493212,0.0618549831904529,0.123636488629305,0.127201399705528,0.0618483703627095,0.120953741829873,0.694926949070937,0.637244074866145
2,141,0.215164240665784,0.161231386692825,0.163470571472016,0.181000314653392,0.161280546906937,0.12236166070223,0.721705215614925,0.718684186267129
2,142,0.110456997572287,0.0836407756486082,0.0836492136167632,0.0873420526173289,0.114053223120177,0.102556928062583,0.593320411215933,0.709624754160357
2,143,0.269048647622396,0.0328155052741201,0.104422214730285,0.0327925714802465,0.0997737634319852,0.150285127086188,0.722969424780277,0.660909211526733
2,144,0.192402039534944,0.0483869404764331,0.0968005327051929,0.0794881258355626,0.0483789159796352,0.122354897159323,0.649528384804186,0.66984619209987
2,145,0.189538458491744,0.110711637974498,0.110705031042147,0.13134237718984,0.121252431057642,0.11663199041935,0.85366373881019,0.668665717520269
2,146,0.111322287821037,0.0443811012380218,0.0443888087053733,0.0841327795610242,0.116532567264062,0.127413657259845,0.584843134089449,0.698576430170159
2,147,0.139279980904826,0.0420699596219297,0.0742333093930346,0.0421264891251629,0.0753168165547134,0.113636009108655,0.672753337285707,0.634900809488379
2,148,0.133988756968918,0.0348580466701147,0.034869187290239,0.08840928566179,0.0988217664768614,0.128632799934903,0.445218139456095,0.693850469564188
2,149,0.173060446125761,0.088237732477691,0.107652860788905,0.0882501731942309,0.132581991945484,0.130962411130409,0.706058919321745,0.703995037833769
2,150,0.173280449079429,0.0341081756346594,0.0391432472123274,0.0341379481529998,0.0771447802659263,0.135768520684248,0.368146620643731,0.652375570921999
2,151,0.147904799832559,0.0332506874046726,0.0670787897544941,0.0332440331721093,0.0736575122455648,0.14084178430133,0.406188591804036,0.702964556706873
2,152,0.147904799832559,0.0332506874046726,0.0670787897544941,0.0332440331721093,0.0736575122455648,0.14084178430133,0.406188591804036,0.702964556706873
2,153,0.125928813450042,0.062663634862445,0.0805063050265179,0.0823871651613851,0.0626710360479468,0.131853232222006,0.590984219095,0.672964429827057
2,154,0.125928813450042,0.062663634862445,0.0805063050265179,0.0823871651613851,0.0626710360479468,0.131853232222006,0.590984219095,0.672964429827057
2,155,0.176404251047036,0.0648783181755899,0.0649114939221127,0.0892543289592022,0.103329584785433,0.12389530626245,0.845626338314771,0.700096304952615
2,156,0.186335279518212,0.0947032358364193,0.115979999760036,0.0946924978807837,0.15274418543231,0.127052234042133,0.678421143979092,0.651784625291354
2,157,0.214523982802006,0.0589581936935864,0.0764911944199843,0.058846501722218,0.175986449442185,0.13802379727287,0.804867986713678,0.634192750777512
2,158,0.138745170114446,0.0947901366038699,0.132337780143324,0.114721350233693,0.0948216548438551,0.130433969062753,0.719158566347247,0.698178411353866
2,159,0.128215526477207,0.0453509661483779,0.0571649700052655,0.045348867980049,0.0825617359540367,0.119626507532981,0.426736642710094,0.671647105832881
2,160,0.182770257418157,0.0637885769270303,0.0896673234739086,0.063772913299439,0.0656689279003311,0.133451001899154,0.55534019421791,0.691317619781826
2,161,0.163540050760305,0.0609502482462539,0.0843231192697393,0.0912119838775174,0.0609552557941798,0.135648475226172,0.666118531982,0.637275262392859
2,162,0.163540050760305,0.0609502482462539,0.0843231192697393,0.0912119838775174,0.0609552557941798,0.135648475226172,0.666118531982,0.637275262392859
2,163,0.129344637886964,0.0462698758342771,0.0746272816946522,0.046230598047422,0.108446077132529,0.128835188826264,0.545142536383203,0.651420461110582
2,164,0.13356592297739,0.0805003136740277,0.130656776043838,0.116659356603043,0.0804511943922328,0.110351084399025,0.644382894545432,0.700202052810935
2,165,0.156634343751403,0.0436184927278396,0.116554740172183,0.102309082614851,0.0436320881045845,0.165099972483175,0.688486616628872,0.657959409946289
2,166,0.144361827176181,0.081240934313446,0.115836296554952,0.0812490024852669,0.0842154353720852,0.121492579125086,0.873062978678302,0.620631131016107
2,167,0.216267761320474,0.1427988404528,0.167734485834997,0.183083616748609,0.142815139101893,0.152449507878598,0.898248652286748,0.609427173614917
2,168,0.216267761320474,0.1427988404528,0.167734485834997,0.183083616748609,0.142815139101893,0.152449507878598,0.898248652286748,0.609427173614917
2,169,0.216267761320474,0.1427988404528,0.167734485834997,0.183083616748609,0.142815139101893,0.152449507878598,0.898248652286748,0.609427173614917
2,170,0.155565124075821,0.0695250810252811,0.117931639054645,0.158170411438974,0.0695405702580522,0.136999840397844,0.876680834326482,0.658796767202687
2,171,0.164524167389397,0.0754758689239042,0.111682054618052,0.0833348013784194,0.0755354739712375,0.104971353779205,0.90472525816528,0.610776014560122
2,172,0.249638842799981,0.0126554603576411,0.10509445729629,0.0126794163865402,0.119804802824729,0.152997931568902,0.940441615274465,0.611368026116334
2,173,0.263227245121219,0.0555350013353155,0.0555726415786526,0.0933867810197252,0.142389558696966,0.171717810378502,0.902560952212698,0.610187668868928
2,174,0.263227245121219,0.0555350013353155,0.0555726415786526,0.0933867810197252,0.142389558696966,0.171717810378502,0.902560952212698,0.610187668868928
2,175,0.263227245121219,0.0555350013353155,0.0555726415786526,0.0933867810197252,0.142389558696966,0.171717810378502,0.902560952212698,0.610187668868928
2,176,0.132156905032166,0.04578670134091,0.0903052646380715,0.0982045695931476,0.0457937617059786,0.111438434686394,0.885848799244852,0.613682226322161
2,177,0.132156905032166,0.04578670134091,0.0903052646380715,0.0982045695931476,0.0457937617059786,0.111438434686394,0.885848799244852,0.613682226322161
2,178,0.138708830484374,0.058204549024456,0.0761555303064003,0.0909405810263473,0.0582602697873683,0.121669641956546,0.94370008015194,0.631931142645885
2,179,0.138708830484374,0.058204549024456,0.0761555303064003,0.0909405810263473,0.0582602697873683,0.121669641956546,0.94370008015194,0.631931142645885
2,180,0.255620874063283,0.108843952454204,0.164365890678228,0.167576663952543,0.108869132221786,0.134165456111022,0.967031854145972,0.537028238118467
2,181,0.156924581046505,0.0715949973873005,0.0716120022829994,0.0896233174029443,0.133940955977275,0.1379399528909,0.806620782052711,0.659884499980562
2,182,0.125952661741923,0.0463968128846442,0.082206281250494,0.0463011058404379,0.118413109580542,0.0831684157198735,0.794612201526254,0.662282551552274
2,183,0.244921337431643,0.114494590606926,0.128522208052053,0.114489413557243,0.134671755088277,0.136495308199588,0.789093881208071,0.551904195714368
2,184,0.146600336583971,0.0601412387717776,0.0871969958934111,0.0889059043689013,0.0601499606913522,0.111967329356982,0.819811881307685,0.669819995948926
2,185,0.219762770020703,0.0781747045099496,0.0781554414477882,0.105283229293081,0.162046480504593,0.137361006322886,0.648562414613467,0.676149201351305
2,186,0.199455377059529,0.101237674396833,0.101275382570404,0.119023608603783,0.138499723224795,0.141464696244556,0.686035044346862,0.620096208616232
2,187,0.132359298992598,0.0707275775213472,0.0912275710059126,0.0706237041973853,0.102031860457527,0.113043834979813,0.442701414977367,0.721755202333641
2,188,0.162048828214849,0.0755007233660075,0.0818601941749347,0.109112581328031,0.0754963373804414,0.11165105216632,0.801095888964721,0.683540349341334
2,189,0.162048828214849,0.0755007233660075,0.0818601941749347,0.109112581328031,0.0754963373804414,0.11165105216632,0.801095888964721,0.683540349341334
2,190,0.188435455411902,0.0942562773361084,0.145417040193465,0.0942627353605583,0.148672170674813,0.10954647925778,0.872600354458379,0.551225556039957
2,191,0.149332931743861,0.0361154066677917,0.0360533398622562,0.0505963301862719,0.157116657176299,0.1233544221252,0.631351868655128,0.659959409549946
2,192,0.163061032439336,0.0518443631877005,0.0540492577633163,0.0975103517158785,0.051893317127633,0.107779995651119,0.686916727945725,0.693139371213741
2,193,0.192540693387635,0.096350676342802,0.0964293071851539,0.0963418009481714,0.105458591679586,0.118510262818206,0.691678635623733,0.645466291378371
2,194,0.192540693387635,0.096350676342802,0.0964293071851539,0.0963418009481714,0.105458591679586,0.118510262818206,0.691678635623733,0.645466291378371
2,195,0.17086703569633,0.0384651111456616,0.0384875095680527,0.0993512419205159,0.0840679738975457,0.112908684431443,0.653850204430604,0.63528114790557
2,196,0.172348646719002,0.0742796020697006,0.132981925154352,0.118087389335672,0.0743123254184896,0.127311298232183,0.711861921498401,0.718081009565316
2,197,0.100417911606457,0.045914410782186,0.0472920902968335,0.0737154445182247,0.0459713293388431,0.120393182096552,0.483540140684228,0.742281562888525
2,198,0.100417911606457,0.045914410782186,0.0472920902968335,0.0737154445182247,0.0459713293388431,0.120393182096552,0.483540140684228,0.742281562888525
2,199,0.155115527384947,0.0492473073132737,0.0656843097862088,0.0493012293782537,0.110961720571201,0.145228253249474,0.681584814956599,0.648857502282296
2,200,0.155115527384947,0.0492473073132737,0.0656843097862088,0.0493012293782537,0.110961720571201,0.145228253249474,0.681584814956599,0.648857502282296
2,201,0.158122058319359,0.0595743367696683,0.0759369744234603,0.128362713902879,0.0595989564928299,0.14729152136282,0.648562578054841,0.673842351304762
2,202,0.158122058319359,0.0595743367696683,0.0759369744234603,0.128362713902879,0.0595989564928299,0.14729152136282,0.648562578054841,0.673842351304762
2,203,0.178138003331008,0.00756760924617347,0.0682486646521805,0.00759111941367393,0.0379584770161673,0.157937393589694,0.525675716310738,0.69227689690836
2,204,0.14692848768365,0.0659283341729499,0.141819563279381,0.0659547765192077,0.0872302904642092,0.141255737221266,0.784521431474624,0.547249287758379
2,205,0.18188626035801,0.0290886865376633,0.0386330687559616,0.0291032858159089,0.0387942491955355,0.140457099955011,0.660765607702816,0.70564804820565
2,206,0.157868160684113,0.0636145927820799,0.0636347293794694,0.086321088583772,0.0967414844219655,0.123274445501864,0.648111325951084,0.705011606482597
2,207,0.170433150256112,0.103954888132922,0.103884238720371,0.157386205925463,0.123286550891761,0.127774397866658,0.68681643781744,0.703703544867902
2,208,0.0960721186353973,0.0453892444227042,0.0556671433938049,0.0453859821909219,0.072587236233243,0.109035971989103,0.631370978006914,0.719767025392935
2,209,0.174291331484557,0.0653966874835959,0.0930726157237605,0.0653001937513705,0.1113351065511,0.138644526794914,0.756276053043861,0.640493655281804
2,210,0.08647426615732,0.0511113017454691,0.0705801423975514,0.0511094014996384,0.0634396365317,0.0974749032958968,0.65468473645875,0.723351824716222
2,211,0.192016983645043,0.103377391879608,0.157009607329946,0.179090587898575,0.103396567616363,0.142220540386339,0.607596260858776,0.667691986631511
2,212,0.175009032023634,0.0744410161909735,0.0840201911134394,0.0991127979834583,0.0743774567492836,0.121069137299882,0.664014382343978,0.71244349515571
2,213,0.175009032023634,0.0744410161909735,0.0840201911134394,0.0991127979834583,0.0743774567492836,0.121069137299882,0.664014382343978,0.71244349515571
2,214,0.186359145816514,0.0530973102170646,0.0861364952957676,0.0531302016529201,0.0685713520086946,0.118355316909123,0.553077506832339,0.67306579022205
2,215,0.153076631026552,0.102929182413398,0.150210859756298,0.147205879435881,0.102903693896804,0.123161921158777,0.601680980907449,0.682054223562088
2,216,0.124318549252846,0.0976172194595154,0.0976333422671632,0.112656936095036,0.101909521796275,0.0861266872261032,0.80350046058442,0.664806852727641
2,217,0.153816823152084,0.0658047384483977,0.0963560927366195,0.124480720115076,0.0657590124762923,0.131537576963585,0.701695443780355,0.670429961143763
2,218,0.18346880683037,0.0510144783834146,0.0615612247432318,0.110486244289743,0.0510223494544746,0.135104141220729,0.598725087805473,0.680950536858912
2,219,0.145359657038304,0.0399162405917173,0.0399319249397977,0.0681906359644044,0.083981592767422,0.133828911688331,0.751457240555938,0.703293073211381
2,220,0.166609199947093,0.0792978330196241,0.0972106865020577,0.12723385694081,0.0792929367767726,0.127428089989608,0.606981228282267,0.674658364149429
2,221,0.173066210499928,0.100413047751782,0.101990181697543,0.100433329593949,0.113043620009022,0.129011401383265,0.553101480407426,0.656294378145345
2,222,0.177909105089647,0.0907603843874328,0.107453513830501,0.10709402833308,0.0907224712580137,0.130629737686013,0.721466094882818,0.704470452327489
2,223,0.16014607634894,0.0426781131724526,0.0567066139050332,0.0426681865421822,0.105289547743747,0.118636930006097,0.674941721105541,0.696954353314109
2,224,0.116628954108031,0.0285367489833121,0.0897566044544632,0.0407464559231406,0.0285452812442936,0.132178946896738,0.367643542328957,0.744706217517731
2,225,0.134281520772747,0.0329847823510702,0.0787013459571673,0.0460351747340293,0.032969000334893,0.137335783214805,0.580451691077787,0.74359825584783
2,226,0.134281520772747,0.0329847823510702,0.0787013459571673,0.0460351747340293,0.032969000334893,0.137335783214805,0.580451691077787,0.74359825584783
2,227,0.134281520772747,0.0329847823510702,0.0787013459571673,0.0460351747340293,0.032969000334893,0.137335783214805,0.580451691077787,0.74359825584783
2,228,0.176222467421745,0.0773359676238213,0.0773345893402151,0.1053016221686,0.114826141623065,0.12699879325372,0.642003752045748,0.703215285728365
2,229,0.130802701779448,0.0374588691483052,0.0374513575554602,0.0569807453703401,0.126980718377189,0.124208705497935,0.446340335555344,0.701810919278943
2,230,0.132491835130103,0.0631022957888464,0.117887673816623,0.063088857186807,0.104238122850321,0.127911423189391,0.448574127624321,0.675175324360647
2,231,0.125208613876234,0.0429761501174777,0.0705171348160256,0.120517770537658,0.0429946591288816,0.129657184464732,0.486632844038126,0.627855602744247
2,232,0.204191293596231,0.0564182476216205,0.0709702682922407,0.0793594882913466,0.0563798491285752,0.164041775300495,0.707416222103202,0.682394246359887
2,233,0.10759703725061,0.0869778603258507,0.098691783577347,0.112023086778966,0.0869798299582652,0.0922525332354331,0.67785037385175,0.644591259353535
2,234,0.132329388717247,0.034151708482947,0.0341632774628929,0.0748244320312021,0.0499249705576442,0.131482344603811,0.726876210763039,0.654706389612769
2,235,0.238107906610477,0.108557189754566,0.108605304925005,0.156256744801574,0.138179646251429,0.124918776045744,0.8490230851232,0.599755296404112
2,236,0.111684327366182,0.0789888327443541,0.111903323210936,0.115152355770131,0.0790161253056626,0.0914076350852814,0.851030332557596,0.650267081380564
2,237,0.287520553666609,0.180322542052053,0.209288330359362,0.202165226417309,0.180288310342821,0.151756697746979,0.740792894742198,0.62922039381129
2,238,0.187993513186351,0.0882111518218842,0.110032745610993,0.0881025576392358,0.125315877871654,0.110734264810817,0.811624560820185,0.693781338931632
2,239,0.22223049263089,0.0972547306324149,0.117099796181657,0.153440174864099,0.0972547821039943,0.145173609914555,0.762224403932766,0.648518632602063
2,240,0.207713968775956,0.0147159092048241,0.0147086482358892,0.0986577373070584,0.0806088996682165,0.135047081142783,0.800003536552369,0.63986321766296
2,241,0.175217819917293,0.0661004586822757,0.145770346839657,0.0896839758457021,0.0660553189103923,0.153649918341947,0.42170236729128,0.750040187618812
2,242,0.109422705436121,0.0784866215628705,0.0822879903293593,0.0783938085436909,0.115233270246755,0.12605287010669,0.462918400939615,0.724161370823884
2,243,0.255468891620123,0.091359777008197,0.0951875861931042,0.131785886282414,0.0913888088010795,0.156409345168487,0.67034024594921,0.64089678346215
2,244,0.144523693501292,0.0330484393445836,0.0330278160976001,0.0560039987555626,0.109044643488876,0.111780081937969,0.626517524097972,0.672917898105197
2,245,0.285471987917573,0.151096911427571,0.151088883870976,0.179347813463239,0.194356275865205,0.146878472497893,0.763603700264721,0.682185747350463
2,246,0.212481175445848,0.0525029094765803,0.208763141370005,0.152192070825121,0.05247154451876,0.114585759482507,0.734952648279233,0.643033904466643
2,247,0.266029247409524,0.0254276133016938,0.0254542563670812,0.0553552852078971,0.0772870019653605,0.1569692429988,0.713319456683128,0.661060721644334
2,248,0.198028270195599,0.0400722436626889,0.040081316930193,0.113436097650298,0.0504376011480206,0.144525131634008,0.667683620542104,0.699903132994006
2,249,0.141757580171659,0.0686930205996963,0.0687052175232475,0.0693929250343606,0.114001560461564,0.133771889628293,0.662748533555034,0.652518740149914
2,250,0.203187335548555,0.0873981414382807,0.166262396133292,0.11609302321734,0.0874418364051994,0.133960620286031,0.631746931789708,0.66330208707804
2,251,0.199057615830219,0.0783981964590374,0.0783332350201798,0.0880813817889843,0.0847400925959417,0.128182432884674,0.742963919213014,0.655241844864223
2,252,0.109362178797552,0.00176628754474679,0.0443905082208724,0.00179401019041729,0.0341219163234867,0.112278485681307,0.410939600330014,0.733990044501623
2,253,0.111671518107383,0.0284891589767666,0.0456910410276676,0.0284545687069379,0.0665707366090356,0.115089340562219,0.620517710926519,0.734986458492715
2,254,0.111671518107383,0.0284891589767666,0.0456910410276676,0.0284545687069379,0.0665707366090356,0.115089340562219,0.620517710926519,0.734986458492715
2,255,0.111671518107383,0.0284891589767666,0.0456910410276676,0.0284545687069379,0.0665707366090356,0.115089340562219,0.620517710926519,0.734986458492715
2,256,0.170924201520533,0.0439099958576001,0.0712404126914378,0.0437983946867286,0.113577966110269,0.127276399641338,0.627260574527837,0.739310370326133
2,257,0.116265175900333,0.0228537685593509,0.0684651397126449,0.0228733926052488,0.076309448063824,0.123490832637807,0.559411510773424,0.654809813442907
2,258,0.163445592500342,0.0980225284088705,0.110142753340025,0.108843711856466,0.0980238486729887,0.133165905197889,0.553614266223998,0.650319158281934
2,259,0.12848645220488,0.0879515363685435,0.0879552960505835,0.110542703907878,0.101871237951049,0.119813021051257,0.670572145198899,0.675496566405349
2,260,0.164350159693337,0.0189446034391517,0.0189393701045164,0.0452608090052957,0.0485015238796643,0.159847906856992,0.748310752852213,0.664954130336914
2,261,0.171551929254014,0.0388924342104638,0.0612212472882327,0.065773741450592,0.0388889934661842,0.174812929797499,0.671641853571401,0.753805569270005
2,262,0.242049164963581,0.0843552438236341,0.172237729659089,0.146038003498205,0.0844043264021837,0.156811613413534,0.609953948324479,0.722093101993593
2,263,0.160873038313771,0.034736121559622,0.102625698625651,0.110774861725602,0.0347427117248846,0.122120361215126,0.839515098033361,0.664118238912103
2,264,0.165441523684685,0.088233264225241,0.123837020668028,0.0882136510781655,0.100184058704002,0.135494653014574,0.773958207278122,0.639350049403817
2,265,0.228655575650064,0.113399706717741,0.172884306065915,0.156636211428255,0.11331638203195,0.135203421231828,0.767639556606273,0.6557952554964
2,266,0.17005679603356,0.0430490641201371,0.0430503892654371,0.0519581727813178,0.0443243888177469,0.142645747616798,0.811137715589283,0.6796729346038
2,267,0.145834910602056,0.0833753640003651,0.0934240984170975,0.115341849123311,0.0834442579453363,0.132932234346336,0.731895232765737,0.752035061446533
2,268,0.145834910602056,0.0833753640003651,0.0934240984170975,0.115341849123311,0.0834442579453363,0.132932234346336,0.731895232765737,0.752035061446533
2,269,0.26432833832501,0.0390024598940434,0.0947311380664635,0.039039291910453,0.0916949784661507,0.1360180878775,0.699489443691407,0.682896261069059
2,270,0.241368133041302,0.127213332434458,0.130414779587748,0.149140582881696,0.127203971585176,0.150159622399509,0.875765020423452,0.631130447492051
2,271,0.241368133041302,0.127213332434458,0.130414779587748,0.149140582881696,0.127203971585176,0.150159622399509,0.875765020423452,0.631130447492051
2,272,0.166551069602604,0.0664363236583375,0.0664489434490009,0.0991366511684579,0.0992925615480509,0.138103491630795,0.610653847638071,0.723003609386958
2,273,0.177692779522608,0.0340961859024271,0.0864508900587228,0.0340799046507111,0.102839837475,0.130837720224185,0.716355639592733,0.750756151207947
2,274,0.194708333845124,0.125009978386974,0.146636369527819,0.125006022513643,0.126930860295849,0.148590032896923,0.833299018417884,0.660453953210663
2,275,0.249206587858953,0.0655280213107355,0.0916748167759987,0.0952055387072422,0.0656050337570072,0.14333442175336,0.864873793592478,0.662693336984482
2,276,0.249206587858953,0.0655280213107355,0.0916748167759987,0.0952055387072422,0.0656050337570072,0.14333442175336,0.864873793592478,0.662693336984482
2,277,0.16315068817406,0.0330886298264305,0.12555251486921,0.167527978121321,0.033088774374321,0.132597676124296,0.782834571315798,0.700753537005634
2,278,0.16315068817406,0.0330886298264305,0.12555251486921,0.167527978121321,0.033088774374321,0.132597676124296,0.782834571315798,0.700753537005634
2,279,0.125034503425472,0.0455318165679727,0.100351815798218,0.109897155263301,0.0455480215716561,0.0989792749727055,0.552726122901096,0.72134782170142
2,280,0.273566379164297,0.0878924748600787,0.115720472955341,0.093757561077766,0.0878431803316937,0.141800500908281,0.758274835966853,0.68583558208749
2,281,0.206737063025762,0.0669745661487534,0.11067999165346,0.0669930108815728,0.183416247879692,0.150985197284593,0.639705890220737,0.691109721133825
2,282,0.139669959319464,0.0897940028373513,0.12465680438847,0.0897653086727715,0.0974397634304226,0.133159782648483,0.683858765199719,0.657992886320113
2,283,0.207489647520693,0.0670154240562975,0.118782345075564,0.0669942565787344,0.0765178370596239,0.136709145164456,0.546425095381242,0.713264309571742
2,284,0.172274002172959,0.0539916602566891,0.125626273696918,0.0539730378282973,0.0540677829909798,0.110032108068348,0.746359046881395,0.71292919322998
2,285,0.181714736850862,0.0506107394905633,0.0679722944141006,0.105640101516422,0.0506292325229267,0.101903402314574,0.778954646635441,0.704510691117822
2,286,0.114240391133008,0.00804120177257796,0.0532239054668679,0.00804822556507344,0.105267786169371,0.106633000516898,0.766680490260824,0.70651825880403
2,287,0.223717433995713,0.0710687394432791,0.0711184250885798,0.0820649512444876,0.154401539009672,0.132407645104366,0.812211332500517,0.674287857227825
2,288,0.164238050257733,0.106727293043375,0.106764476459048,0.114600570846864,0.177816194757073,0.154749252235527,0.659939674336592,0.68091353571736
2,289,0.256928112838312,0.115471387032845,0.131429922181941,0.11545713106701,0.193537835846455,0.177427073735864,0.805501158897075,0.672366775087827
2,290,0.22749630056662,0.114042454448991,0.114048970888919,0.148535777058216,0.172838878322423,0.163484611849116,0.816784773236148,0.674435593019786
2,291,0.185878045025479,0.0696294068491317,0.111098183354746,0.0696224466861557,0.175655743552671,0.157826359596658,0.852032318574266,0.656999454671131
2,292,0.218998658904824,0.0826532470091557,0.135774503239936,0.122803117885719,0.0827900540250601,0.155322680899977,0.639995410648919,0.689621399553221
2,293,0.183413447242797,0.0557393615295466,0.0557235548283427,0.0585168434059798,0.110686133986654,0.143646741986124,0.827750947259657,0.680886345217867
2,294,0.200686872292717,0.0907199344556902,0.123337069451889,0.120680511347626,0.090715765409141,0.150957223681018,0.501182534280885,0.663170348484373
2,295,0.202645690439158,0.0727576779274059,0.137398341663033,0.120826843023387,0.0727602498235145,0.124007742534843,0.715383456353356,0.597496122806918
2,296,0.182544837842737,0.0941612931259785,0.116561132838715,0.0942245520800492,0.110184694170359,0.100067733497634,0.699538152983178,0.630643247086948
2,297,0.178487908385923,0.0674070595892091,0.0673155612788036,0.0709190897398881,0.105671142829225,0.121925201497746,0.736754657718024,0.700914873849652
2,298,0.16412832651971,0.102193372451307,0.142424260283303,0.102185927760261,0.131831214142423,0.108047666827355,0.630152922396436,0.666114921825711
2,299,0.178795866950198,0.0472790851306361,0.10849275531449,0.0922998116533653,0.0472997355384788,0.128933974726887,0.484693290318853,0.720382174229847
2,300,0.178795866950198,0.0472790851306361,0.10849275531449,0.0922998116533653,0.0472997355384788,0.128933974726887,0.484693290318853,0.720382174229847
3,1,0.183549112541525,0.0348246667787382,0.0869698024953723,0.0348150108733079,0.0785895494448142,0.139947082151674,0.839107155684399,0.695206375450484
3,2,0.159964993690226,0.118026924397275,0.117913414780795,0.152628633977638,0.124672483322111,0.165817408382726,0.649618003533651,0.638193487154532
3,3,0.211261963243975,0.0508808531389685,0.0508388478407044,0.100845021828389,0.14116027034402,0.1221173544894,0.838006056720401,0.63551848694795
3,4,0.211261963243975,0.0508808531389685,0.0508388478407044,0.100845021828389,0.14116027034402,0.1221173544894,0.838006056720401,0.63551848694795
3,5,0.203475659987108,0.104100747929613,0.104106720081482,0.14125328272859,0.106240986269485,0.150794997989175,0.528789261139241,0.717385234951241
3,6,0.227784042330436,0.110901748359836,0.110914700988567,0.1446719577912,0.146902863844445,0.132907280890363,0.761552745495008,0.611922210075422
3,7,0.180708324195966,0.0370376062221545,0.0759364955491145,0.0370028425287051,0.126183392146107,0.137627424081705,0.539747760953474,0.666445282216021
3,8,0.178991920612116,0.0523608888536638,0.120072564806592,0.0955465293581023,0.0524247190400609,0.143737140507907,0.718680123386819,0.649841684529004
3,9,0.178991920612116,0.0523608888536638,0.120072564806592,0.0955465293581023,0.0524247190400609,0.143737140507907,0.718680123386819,0.649841684529004
3,10,0.189691140901285,0.0951709132742132,0.118755853338254,0.0951559575456694,0.147508456710735,0.129295076056287,0.723707824612008,0.614606758992016
3,11,0.0958945308890482,0.0758233463342007,0.0897597942570997,0.0758155360996937,0.0878630198243031,0.112638703334644,0.574266322116769,0.675104029885991
3,12,0.169039897444976,0.0829096688796706,0.117494504750036,0.0829229006814313,0.0893338310167501,0.117080312782492,0.544398456372799,0.649049402497687
3,13,0.107014079969034,0.0358423630397694,0.0358053816654803,0.0538754115417389,0.108801417419505,0.126337882496566,0.762411186865743,0.71720553537657
3,14,0.135297754624764,0.07385656989388,0.0845722230903355,0.0738621931609205,0.147800180276092,0.137535984047073,0.822973510744485,0.702086554729458
3,15,0.105628389540271,0.0733442501836461,0.0818758864157334,0.101823051126666,0.0733644734754345,0.113548145671285,0.738976883645907,0.655036174589046
3,16,0.228586120056479,0.087124819500819,0.116032758120416,0.0870953896697514,0.0949841346637392,0.133847200413012,0.749130552604738,0.599564217595163
3,17,0.22015521046227,0.0786172644776035,0.121462076737859,0.0945230501008946,0.0786001011661367,0.141595951491151,0.74737895197685,0.656732056584172
3,18,0.167535365798333,0.0498563231827415,0.0497810131071798,0.0568563328260388,0.111507492903983,0.151640464634251,0.605745218108211,0.618451029003591
3,19,0.196647280758787,0.0555826840207152,0.0982037884956026,0.0555768819309657,0.104784823750498,0.161718386571996,0.494894184998643,0.684756825490389
3,20,0.204209515032209,0.0320690020065906,0.0320719968612755,0.104674730266915,0.0584134015212256,0.17143914893694,0.419069743425525,0.736559784537069
3,21,0.117038538058242,0.0464911513610937,0.0967827062918916,0.107725311701873,0.0464243982831098,0.1035903215989,0.667732034776138,0.58977248818056
3,22,0.147550836995468,0.0948708048453824,0.10008567367376,0.153925616948305,0.0948448267431304,0.130220915751291,0.525102523291759,0.72908240219295
3,23,0.186865853265042,0.114101567743342,0.114006260743661,0.131418102166391,0.13931229088338,0.151021579164686,0.565389382302584,0.705686614349001
3,24,0.142806573474067,0.0374331698903045,0.0720767980644917,0.0374709115406496,0.13274899162659,0.145314396880899,0.742154300480116,0.695135463685342
3,25,0.171335531275913,0.0555855844037175,0.118395451668616,0.0703586785454783,0.0555871887480926,0.1191633677052,0.715640979982995,0.717045296608112
3,26,0.0805378577257706,0.00685802248348909,0.0372249817918099,0.0375663876323331,0.00686163264406755,0.122928457506255,0.257710032728816,0.674965561502855
3,27,0.148314443822481,0.0365969252549778,0.0366576328202201,0.0694378592880383,0.0636821720787125,0.134443517266453,0.572633911584241,0.620460077960161
3,28,0.16035516815351,0.0805616430387228,0.120672242391887,0.139179331666127,0.0805621928831079,0.0998268482954635,0.550357529367583,0.633313372962754
3,29,0.159346977793612,0.113149439345908,0.113153137377275,0.133309829349437,0.120753657339808,0.112501563769856,0.57956110955305,0.698193042694614
3,30,0.198729100311024,0.0856454546652489,0.142833076987779,0.145612343135165,0.0856177156867846,0.124230967050088,0.758296174789093,0.654812879515089
3,31,0.129867991631704,0.0507231581491908,0.0885263367991509,0.0506269700898005,0.121460274160299,0.0930191395459845,0.880037096203089,0.668347380872705
3,32,0.220872555610706,0.0368463004600768,0.0367508386663398,0.043060265087638,0.0897291638149925,0.12885928759016,0.737124613645452,0.720974206818438
3,33,0.19059589340831,0.088679911197481,0.138280121335214,0.156048113893504,0.0886768405057174,0.121290460554927,0.714586742903022,0.654242263873216
3,34,0.214303784129633,0.0998665049013614,0.13417408456087,0.0998562126083632,0.111309255118771,0.110079798392164,0.74172224590315,0.617379963688626
3,35,0.196568727563727,0.0688994564397995,0.0688941664239537,0.0792497707842559,0.0858455169528226,0.142582002984993,0.618121036973653,0.593405568368479
3,36,0.101916222211766,0.0258334649778631,0.0454388829718877,0.0258624882450912,0.10321574443845,0.12561274671821,0.509221423443029,0.682151455917384
3,37,0.132116519174491,0.0692849899444175,0.106575610944795,0.0911979986193333,0.0692845556477266,0.138559944211566,0.440324115640008,0.620488111517711
3,38,0.125461239934679,0.0323595629932196,0.0394440887385534,0.0323819604790525,0.0606740751213207,0.129268333148739,0.467573988540904,0.690783371170773
3,39,0.0959885736234355,0.0581864881245647,0.0956682062237102,0.0957266635880717,0.0581865728630278,0.128845759288338,0.56728265207235,0.694210680573286
3,40,0.171820700869297,0.0130478198380975,0.0612123684997102,0.0130195487593346,0.0437209635002744,0.109298427861739,0.554480491342231,0.707745630069782
3,41,0.165344369550382,0.0815474962885357,0.0979854105543394,0.0814453051989222,0.161347920091938,0.149624311349416,0.635831370367932,0.679288491762051
3,42,0.143732447063643,0.112609058362438,0.124899400917921,0.112571423068327,0.131289721771904,0.115527295187723,0.626260104026418,0.711695823892246
3,43,0.206284195871368,0.092431698143619,0.0924305478283661,0.131072770686782,0.145922371905601,0.149895464176475,0.687151377297219,0.684350016569018
3,44,0.23667110423321,0.0576649397328116,0.101936482467051,0.106743390240013,0.0576661819695456,0.13876994580469,0.763547249326092,0.707106859181584
3,45,0.232654213573957,0.0323353970007112,0.0323417416711536,0.0674292914985665,0.193799062431217,0.141804026151337,0.876617837160625,0.629786079246999
3,46,0.164598012111771,0.0551632783700399,0.0899961489934726,0.0999410560931911,0.055152285617833,0.124217028255818,0.826648535478921,0.672625909193447
3,47,0.247356454516359,0.122120251424469,0.149514910729235,0.12210252826517,0.147672860126953,0.131261921468281,0.830726487651278,0.655473696924633
3,48,0.139444041521201,0.0164956850453926,0.115706489478264,0.0164878117260371,0.0595674397977776,0.126311103816882,0.571627707261741,0.656433009928059
3,49,0.189454462462589,0.0703203244846973,0.070319363885497,0.153510126163128,0.0948419661135616,0.122422976944713,0.803638914616835,0.695267702547503
3,50,0.170907298947545,0.058362755554538,0.110624608944598,0.0583569956450251,0.062578579056018,0.132015633831147,0.742348521291567,0.663324594033953
3,51,0.193511480779593,0.0448963234963269,0.0448958040003657,0.0493900875177465,0.0826941561567552,0.152866688304151,0.920367290687272,0.580141539952884
3,52,0.207043939139399,0.0486500393853052,0.0623518753979105,0.0485663977333846,0.0772371685434354,0.149308197792844,0.747291602799297,0.704469958754808
3,53,0.207967156922709,0.0783921855906047,0.0784078877920881,0.133284229354618,0.115444542751036,0.116065217060196,0.851664764498325,0.636422849338063
3,54,0.203202266890003,0.0972968429872964,0.112964397340909,0.0972929044449955,0.102647815311663,0.107267067085175,0.88868642261942,0.617668696830708
3,55,0.160128943002722,0.0660958013075109,0.11470696467019,0.110029047701719,0.0661404277443457,0.10286034506244,0.856403226679628,0.681926382002818
3,56,0.135056168698232,0.0622190842387131,0.12993013064255,0.130672558140358,0.0621940242520619,0.124207528246777,0.947591160300141,0.661857332654784
3,57,0.134141694723068,0.0856444188351682,0.0994090446655475,0.085681538484472,0.0932709555474675,0.139332630250032,0.889964823870475,0.721635433018372
3,58,0.235782756669093,0.0792432604531088,0.083641146494349,0.0791348889856816,0.143210958868366,0.154803949736263,0.883225805669196,0.645047376101347
3,59,0.235782756669093,0.0792432604531088,0.083641146494349,0.0791348889856816,0.143210958868366,0.154803949736263,0.883225805669196,0.645047376101347
3,60,0.126763486606191,0.0792599210811428,0.107465835280194,0.0988322181874506,0.0793106773031735,0.115389209003456,0.567754912621436,0.675396578550136
3,61,0.190856194294409,0.0469421876994581,0.0469634212175325,0.0799547707956473,0.0684628406806807,0.144682076630657,0.63328275607095,0.666960842337487
3,62,0.17412189792861,0.117099637375858,0.120074476563168,0.117121939820308,0.125206519959515,0.127124475797316,0.730271045243033,0.625805072643229
3,63,0.210389338463959,0.0512234688287718,0.0511752074438475,0.0830998577397291,0.070983045303745,0.129517275872988,0.664149309644524,0.717677211718119
3,64,0.212712125407062,0.0690501291713711,0.0846544097024829,0.0690359198801664,0.116158046399169,0.146162798368832,0.6357134365912,0.711761890685888
3,65,0.198466450958868,0.000804338719769021,0.00077271117516316,0.0341881505200209,0.0559155808352394,0.126385267878288,0.549494392747807,0.703522828933523
3,66,0.138205036585992,0.0632263721363841,0.0762048320479212,0.0632368023773662,0.110404399570746,0.161241046849176,0.382838883106529,0.707827830399792
3,67,0.206588839654165,0.0953687269707709,0.0952978173047752,0.111406714925833,0.108211102366766,0.159305386996246,0.63023535103906,0.626837951669548
3,68,0.21323569573639,0.0673606890044388,0.12615763605243,0.0673470219072159,0.128583700601556,0.131676652100697,0.664672902507227,0.671456271865256
3,69,0.144654470319546,0.0634896920945064,0.0968663360683128,0.125533673252138,0.0634797589132419,0.123228682956056,0.411964571704244,0.725080488454849
3,70,0.159355072451051,0.0669074377874752,0.0669736218882911,0.0668058068171615,0.160087848495846,0.123608504621,0.595529037216987,0.663299030155111
3,71,0.171751049661365,0.0420238554460521,0.0419867629560162,0.0483678853371231,0.0585601953003941,0.170574320285176,0.780593643049328,0.71395253112573
3,72,0.175545353986219,0.0715812904374502,0.103708802198059,0.0715422252358689,0.0815646019891741,0.177059170529772,0.563259561274889,0.65309320552928
3,73,0.175545353986219,0.0715812904374502,0.103708802198059,0.0715422252358689,0.0815646019891741,0.177059170529772,0.563259561274889,0.65309320552928
3,74,0.138952010377066,0.100077591741066,0.11568197627216,0.119291614447026,0.100054967410322,0.147470550821778,0.757394782462059,0.670351075542233
3,75,0.15028827545309,0.102405581283298,0.129361516848199,0.108821622978517,0.102378461220814,0.148149043011523,0.834413558466859,0.622229220137801
3,76,0.124614330289623,0.0819185879091214,0.0819256124499454,0.112134660540582,0.0872623559622553,0.112548188754596,0.615565465938147,0.712846885050461
3,77,0.15172318306174,0.0654193220895966,0.100138631252293,0.0654078814558263,0.0844813262148053,0.156254819118043,0.566155186256216,0.731867456470172
3,78,0.122991565193406,0.0350012007802448,0.034904033521285,0.0404986680455002,0.0514664785194391,0.133571305792913,0.558185924371027,0.692594816256208
3,79,0.240358328660562,0.122887701922967,0.181541982855006,0.122787494062937,0.137312317173342,0.150918383944238,0.633476181812344,0.607451816136484
3,80,0.187663013036774,0.100386839982829,0.110834034260612,0.138657988816232,0.100415592882757,0.119353393935336,0.599417680257976,0.711613823680475
3,81,0.162512826826835,0.0940848780905839,0.0940847583816345,0.103423065605739,0.124860073312309,0.138862579489272,0.677591131785896,0.668886418367158
3,82,0.162512826826835,0.0940848780905839,0.0940847583816345,0.103423065605739,0.124860073312309,0.138862579489272,0.677591131785896,0.668886418367158
3,83,0.190570674738553,0.0948067706065226,0.120629212780806,0.0948001866904517,0.110084259628056,0.127009698331051,0.716843207251521,0.670167515163185
3,84,0.242114760049862,0.0964449722638275,0.114276448592839,0.118305047175389,0.0964574053909997,0.123327148109488,0.727553467100545,0.683564044561397
3,85,0.215959589474689,0.0621396625777402,0.135385845420517,0.0937444555871899,0.062193655545846,0.134146021298491,0.80196059125061,0.665384719349389
3,86,0.221289247268606,0.116351843640633,0.116248729690901,0.127435501121084,0.135521500774831,0.138737045082455,0.803180123003674,0.702474929255688
3,87,0.159109459735479,0.0419461452389143,0.10174958610107,0.108427044433151,0.0419885872923559,0.0983820730211065,0.841063288910372,0.640845303610486
3,88,0.181954016298757,0.0332419942881651,0.0887679364245015,0.0873445169818439,0.0332706812144705,0.120744594286036,0.832882230767505,0.599085444303598
3,89,0.146135479480452,0.0378390731062901,0.0377309639622944,0.0390949188935558,0.0659208150454012,0.114544334133258,0.77492751027057,0.67106225571877
3,90,0.1774385765585,0.0522294519034641,0.0700095256248201,0.142162812816288,0.0521820359278489,0.144114446254102,0.684014062246425,0.70523038242676
3,91,0.148556399632909,0.0496841710142516,0.0850791102004626,0.0907908564743142,0.0496559702361041,0.139854693625464,0.504992922904228,0.662214011643711
3,92,0.196520466431961,0.134231816694269,0.148207863328165,0.13661408028242,0.134218269263603,0.123907114280493,0.640837964446288,0.6135592328597
3,93,0.142851057459823,0.0487261652639349,0.0741812050733169,0.0487322130947054,0.0983048643178048,0.0974270799429142,0.663586890421978,0.678682367042013
3,94,0.19844869073596,0.124930250239167,0.142193045357361,0.182896421892526,0.124982026212618,0.130407938583852,0.743385444263171,0.71759666549245
3,95,0.160464250911504,0.0558778684334243,0.0693119512426911,0.0557708917847628,0.0980622897968741,0.085970079153289,0.557887332480481,0.70901122329186
3,96,0.160464250911504,0.0558778684334243,0.0693119512426911,0.0557708917847628,0.0980622897968741,0.085970079153289,0.557887332480481,0.70901122329186
3,97,0.165771526683277,0.112334450455488,0.151486396768489,0.112327341081468,0.158300949682529,0.125448350671575,0.700393469401088,0.642341937908118
3,98,0.100658385680729,0.0797686859693404,0.0955460848809194,0.0995678690849237,0.0797888137967901,0.142991893945575,0.56864009704801,0.71458274718054
3,99,0.100658385680729,0.0797686859693404,0.0955460848809194,0.0995678690849237,0.0797888137967901,0.142991893945575,0.56864009704801,0.71458274718054
3,100,0.18200382956591,0.0834716557808495,0.0834380919620997,0.123881524939983,0.111395432560419,0.124676475281269,0.715627183301668,0.613663872488902
3,101,0.159322352746191,0.081402425174339,0.0813050061734998,0.0866029661091336,0.0841806630419648,0.120178819261173,0.745388541500263,0.66913547128599
3,102,0.229266804024061,0.0505387537216512,0.120952774930249,0.0505204849289713,0.141464233198235,0.129808399474253,0.914798651707115,0.64430927845427
3,103,0.229266804024061,0.0505387537216512,0.120952774930249,0.0505204849289713,0.141464233198235,0.129808399474253,0.914798651707115,0.64430927845427
3,104,0.203700419709974,0.0501665004653754,0.111031165801183,0.118947429439921,0.0502166125326765,0.137910700508211,0.919722268768324,0.639843637811605
3,105,0.214452683796172,0.101851781142805,0.127378890853897,0.101871801356062,0.116447483709509,0.136022337647424,0.655829277344646,0.693190132178223
3,106,0.171841144707812,0.0618059058803537,0.0776422518871537,0.0617107796246101,0.0959958478329002,0.132101316487329,0.520983991842177,0.692778181046102
3,107,0.186802751244268,0.0293673555624403,0.0293530137814575,0.0669989831060675,0.109730856976741,0.1354976680251,0.749518256100603,0.712478457530969
3,108,0.250011465170998,0.0965009023827324,0.107919363109591,0.0965175198713335,0.116929306506191,0.138624872507325,0.892866344120487,0.674603978194121
3,109,0.210744475941461,0.0705500403912178,0.148601307699348,0.161407841644739,0.0705722184139607,0.160506572366378,0.628364304007505,0.660787800827736
3,110,0.1314030772921,0.057536321698857,0.110513557771838,0.0575197237510165,0.124942546185253,0.146046286984324,0.481525161327981,0.727804448254428
3,111,0.159442220818101,0.0455805218594447,0.112461946293376,0.134360297274802,0.0455870971389619,0.154547341693381,0.651115851882601,0.678735054117222
3,112,0.150702332955071,0.084363319871482,0.0886306975726092,0.0843542618986717,0.124734216483124,0.137303988352295,0.68994403116868,0.637876372053957
3,113,0.150702332955071,0.084363319871482,0.0886306975726092,0.0843542618986717,0.124734216483124,0.137303988352295,0.68994403116868,0.637876372053957
3,114,0.164966895987629,0.0943230675489669,0.101532817354723,0.0943282840618738,0.11834030123742,0.10721837818337,0.68517783344232,0.644143332307445
3,115,0.21111012123102,0.144933862526909,0.170709811291747,0.144950553106903,0.163101572407658,0.135061264692473,0.777571191376318,0.636000526035187
3,116,0.240659637883184,0.104916515936478,0.205388011571809,0.205343964525215,0.10491759322889,0.106399845500976,0.794998150454423,0.602623311728265
3,117,0.240659637883184,0.104916515936478,0.205388011571809,0.205343964525215,0.10491759322889,0.106399845500976,0.794998150454423,0.602623311728265
3,118,0.240659637883184,0.104916515936478,0.205388011571809,0.205343964525215,0.10491759322889,0.106399845500976,0.794998150454423,0.602623311728265
3,119,0.147651387263392,0.0451287243172648,0.0451848189197688,0.0696590456022256,0.0792086155771425,0.155287667419652,0.562074224175077,0.753474297672086
3,120,0.165330447723965,0.104927853961161,0.104937080666068,0.115787727262418,0.130703292437653,0.154393801721298,0.583945294278361,0.694921674358252
3,121,0.151400272368402,0.0345831634077341,0.0876015024915649,0.0801998435463455,0.034589187399132,0.134278505734261,0.579450633042238,0.622190359420072
3,122,0.135938279124229,0.0887621658776124,0.0887541918733965,0.0929840093773316,0.124982183042554,0.131788075871119,0.783242005647506,0.673540082422853
3,123,0.162622103661868,0.0946530637847383,0.12319404354561,0.115754989364409,0.0945934474991945,0.125961056949635,0.477921533307927,0.690476889964085
3,124,0.164820418290403,0.0896973385921373,0.100055292849642,0.107738805988715,0.0897086094478851,0.124625969230516,0.601006845410073,0.63535421361907
3,125,0.170850220702204,0.0858416641919489,0.0859060745245669,0.103832778732476,0.108546734860876,0.135960923724678,0.481878543003072,0.720360206517663
3,126,0.136659038894913,0.0947942699962668,0.106439202958794,0.0948220477699827,0.0967965743541371,0.124691742249375,0.796409356013556,0.659947703038616
3,127,0.142435056246125,0.0945584730454063,0.0945500421948849,0.0972259450691931,0.116212353989505,0.155635521591587,0.823212239745369,0.622618873566038
3,128,0.142435056246125,0.0945584730454063,0.0945500421948849,0.0972259450691931,0.116212353989505,0.155635521591587,0.823212239745369,0.622618873566038
3,129,0.141722301679808,0.112801052661805,0.129025588445018,0.112797439109962,0.116219930777924,0.149465168420844,0.749949060139456,0.646586321491635
3,130,0.130270162864189,0.114077958396548,0.11987563925194,0.114000192305095,0.121015755505602,0.147074696077124,0.5852582215176,0.71689085849814
3,131,0.127997212548642,0.0503885479914201,0.104729451693917,0.0903095743366998,0.0504642231648637,0.138602852011515,0.617301192061799,0.671518289568086
3,132,0.12933828472281,0.0284371187623047,0.0707788580227305,0.0769464738671453,0.0284375874392463,0.115738213098886,0.478788077297757,0.706355131390174
3,133,0.151864350277111,0.0192507590198618,0.0192412250059301,0.0633101318238193,0.112184217345274,0.141554692556827,0.470406106524732,0.673053992746198
3,134,0.180880717872643,0.0340394419717425,0.121894112588752,0.0340987053696648,0.172982429139329,0.123258233904664,0.651942977856536,0.66294052614531
3,135,0.211300929664511,0.0828204107787281,0.0896130768193121,0.0828079498682851,0.116999326803857,0.150167718466358,0.568409787648835,0.649948747393433
3,136,0.192817865102212,0.0548162491258172,0.112185850493645,0.0547988604944507,0.16575467730866,0.144045741429299,0.55199072530107,0.694015689010774
3,137,0.192817865102212,0.0548162491258172,0.112185850493645,0.0547988604944507,0.16575467730866,0.144045741429299,0.55199072530107,0.694015689010774
3,138,0.256437596645338,0.0926730517760948,0.122989349298829,0.0998292314566376,0.0926686983706083,0.165584495105213,0.844725176384219,0.681901669123986
3,139,0.202548084290242,0.073118907954847,0.0730481628856213,0.0940046180116158,0.0969545540770024,0.155856536528411,0.773789624152469,0.711404822095019
3,140,0.202548084290242,0.073118907954847,0.0730481628856213,0.0940046180116158,0.0969545540770024,0.155856536528411,0.773789624152469,0.711404822095019
3,141,0.126678849715919,0.0554110218271485,0.100927061946754,0.0553950554276205,0.111092189970261,0.128578625566418,0.773517506461541,0.629113661043384
3,142,0.214817791012659,0.122076909160384,0.175713935346984,0.180707182188908,0.122072315752528,0.153954984225972,0.835869596433361,0.603186964699688
3,143,0.197884615939715,0.109592566416464,0.141223933910391,0.125576854939532,0.109546245621349,0.120558870783188,0.706541054299285,0.671681691521099
3,144,0.223952056270985,0.122779693770237,0.122778523428813,0.130956010235462,0.143234079882461,0.134097501991063,0.488572096949944,0.64144607773529
3,145,0.160164719421302,0.0791000424474996,0.124384072445388,0.0790251553878272,0.0832679912427103,0.144175970128795,0.491694450449775,0.697159385504508
3,146,0.263177685619176,0.113548827582124,0.13812843476264,0.197043240014109,0.113549826619286,0.142348250741709,0.816672681574656,0.649366808814922
3,147,0.236109310600572,0.119882126765524,0.124120519950291,0.119921714712609,0.155525441642584,0.129893281347987,0.866163329802653,0.539059561205708
3,148,0.188797674695589,0.0990109805772595,0.112878123337266,0.0990109181919372,0.120068857469268,0.120022166447321,0.853356058586262,0.658682108375629
3,149,0.215303914833843,0.0937578667195951,0.0937567706076649,0.0965246544402108,0.108075392869742,0.136625741300763,0.696448909636575,0.693501100332725
3,150,0.167314602282042,0.0718387916466832,0.0718562248741709,0.137091315157384,0.0733388565340801,0.128804808895738,0.594613208606877,0.689171131380821
3,151,0.185960499351987,0.0729071753126901,0.142213739519738,0.0728747478485116,0.164432148504502,0.141977015438016,0.798303350742952,0.666356170958668
3,152,0.195239789902076,0.091359002729295,0.0913707664947983,0.139137340632539,0.112282694154401,0.13835036977865,0.574598733973228,0.646539068246685
3,153,0.103141693581466,0.0661894697854513,0.0988642800709449,0.0661802671428847,0.100338408874665,0.102436554826244,0.582951637838427,0.613338186166193
3,154,0.141839008130124,0.0409144090466959,0.0750874546476056,0.0408986012808962,0.0713867367589511,0.128588833964355,0.312125975745406,0.671293755766381
3,155,0.165784000938963,0.0883218927133713,0.117577938673637,0.0882985155397286,0.0930004675502712,0.151497113598371,0.425223638231039,0.69964775659946
3,156,0.150316910756027,0.0339166551815693,0.0801203332679392,0.0338607882735628,0.0830014279608813,0.122078542715288,0.395737289423424,0.75359952142697
3,157,0.210233146769162,0.0904194386251487,0.141443905934336,0.163190193643369,0.0904348592623443,0.168640641354742,0.679434447446534,0.642486213154074
3,158,0.0882546767468544,0.0410535980797465,0.0543650548433756,0.0476796011246293,0.0410170849062244,0.0940434896823709,0.6756105424863,0.720753750038154
3,159,0.193909861682469,0.0916084167874377,0.0915105010788763,0.12466915237859,0.136756376165856,0.152987396727783,0.700777489702217,0.625120183388698
3,160,0.157360927711972,0.0517790115152003,0.0518136389981442,0.0830337109678763,0.0664429272064654,0.121592716554121,0.653581314676642,0.71270103561814
3,161,0.22930282771781,0.137647854670569,0.156196877395239,0.137729513631088,0.138678026988412,0.169291149248438,0.755676978358773,0.722988592176832
3,162,0.210244302523024,0.0522907190361365,0.0521955573320707,0.0653455630298274,0.113075790505431,0.142396007165833,0.763136967444511,0.689644321605215
3,163,0.138755195024304,0.0447847678749617,0.0639005834262748,0.044792994423554,0.082242318947921,0.150546781913694,0.514535335841777,0.816301089345263
3,164,0.28408316978273,0.0764316844235175,0.182493427660042,0.127771337383434,0.0764007648865094,0.156945743533662,0.732971176454126,0.676698701786607
3,165,0.114411765921944,0.0850879700303444,0.10490638376558,0.123804041170493,0.0850811138817055,0.116657198745709,0.618632827475513,0.740357313080815
3,166,0.28889482399254,0.0714537826265657,0.173845608666173,0.146384353430489,0.0714091350180545,0.16695862818229,0.722161494407127,0.656733918013068
3,167,0.181036536033051,0.0518520965217454,0.0798899494387942,0.078510738609255,0.0517952847414808,0.120596568769681,0.749293463497771,0.615564325195617
3,168,0.207936730980154,0.133838787661871,0.133798687844894,0.154577652378352,0.154104770627334,0.138793371013076,0.508142202227557,0.736367940085855
3,169,0.116952263085143,0.0279534521916742,0.0621130234485006,0.0875306887980405,0.0279469571983459,0.109545241966594,0.855456177898773,0.697490188750433
3,170,0.235153161212636,0.0773455252717574,0.127828384957715,0.17530627747702,0.0774081489092766,0.168240339801329,0.769939534340068,0.709585507947579
3,171,0.113750485992471,0.0638157106157281,0.115537083383978,0.0637717490417426,0.113830059784454,0.130081601706923,0.714381230448446,0.65288987983369
3,172,0.203261895533415,0.0569093354507757,0.0697152339655912,0.0568079783270947,0.0914558856779346,0.155339725303575,0.618039479408679,0.671993282114744
3,173,0.181149802127779,0.0624924301036536,0.170214598631553,0.150222669663322,0.0624986642177297,0.130920932189036,0.598102614008499,0.597231179559852
3,174,0.134496559660402,0.0932862606283133,0.0932933764413785,0.132667739445172,0.118237972036563,0.139914956837184,0.334546868578457,0.73691370017007
3,175,0.233481387974154,0.0461070653355325,0.0548406093670755,0.114390372772762,0.0461027819591079,0.130882102575052,0.675958581461962,0.637090902586162
3,176,0.175938749857616,0.0701464872662874,0.0794621383325028,0.123552609518858,0.0701363619024342,0.137013106108572,0.729095547005862,0.605609459410406
3,177,0.288571730171134,0.101764937825125,0.106102096598282,0.101683853021343,0.102987792027797,0.178629879033627,0.688394849349091,0.698471291235022
3,178,0.102983109809437,0.0759790138658145,0.0875726709473146,0.0822226265079238,0.0760050949207656,0.156001612673678,0.573917765280677,0.689051602828766
3,179,0.107419569131115,0.0715790944790682,0.0790159667508049,0.0818489355258567,0.0715806096339274,0.125923747746805,0.642513956103847,0.672091211372115
3,180,0.148533713612934,0.0575515272377619,0.0575618988626842,0.0903000198869365,0.0919038795693071,0.135991333363277,0.530502228462529,0.709468896944245
3,181,0.154532274220283,0.085907826113597,0.0905104167230424,0.0858692806247339,0.13798660075969,0.131272497623642,0.445223494991648,0.749364909297893
3,182,0.153438646256101,0.0728361541773928,0.0742033551661924,0.0728240873636197,0.163503203397273,0.124285820859848,0.430091782234453,0.688291355294785
3,183,0.131679878206571,0.0557282791938333,0.105983988549888,0.0720343754373585,0.05568954428934,0.144713654494823,0.640624234157641,0.71144180651944
3,184,0.131679878206571,0.0557282791938333,0.105983988549888,0.0720343754373585,0.05568954428934,0.144713654494823,0.640624234157641,0.71144180651944
3,185,0.112542640935864,0.0726402140308655,0.0726431459422668,0.0876300667121673,0.0747185042142097,0.144106912170564,0.683254489120182,0.650912033209188
3,186,0.119879450462964,0.027542699316165,0.0734411144472618,0.0367991189076734,0.0275882074831905,0.142989918564857,0.49362844452658,0.7422027426899
3,187,0.0940506937758688,0.0159353506455985,0.0159240540385082,0.0167921757939521,0.0915293453070941,0.101625940140766,0.578788833953715,0.719013037317014
3,188,0.213936274384623,0.0526367809845117,0.0982160913291708,0.0526327032765448,0.110787023894948,0.153440191137208,0.481563804681567,0.748153529016558
3,189,0.142551904355358,0.0793540873319395,0.0973523286858443,0.0793516572318484,0.0953342711151376,0.130905484393369,0.536141762717822,0.687568549404159
3,190,0.233684687122299,0.129991245282117,0.153199231602616,0.130008253975234,0.130373908989695,0.139742164041222,0.692330545063566,0.649341105203402
3,191,0.132063101063539,0.0695245340197567,0.10514926189239,0.069516661088847,0.109541385130606,0.120412924838493,0.766530323324916,0.682992962771123
3,192,0.193461890899854,0.0529398852184384,0.0729384848894507,0.112201055910414,0.0529258714498646,0.155725779585423,0.714460332761986,0.685948730334978
3,193,0.151137670180069,0.0770570227106466,0.0955172238611876,0.077030063027013,0.108599400975164,0.144080852379537,0.698889644715331,0.650803832906843
3,194,0.124286670608939,0.0686205180775293,0.068637048432881,0.0784774741254916,0.076205044780458,0.121150154418965,0.486650440749785,0.71890324141168
3,195,0.159099801981052,0.0745136538530582,0.105264649190714,0.0915243860212334,0.0745076919734423,0.130739638387325,0.566646358792879,0.592662952889733
3,196,0.159106988488315,0.032592502766814,0.0640658749879036,0.0324918675489975,0.108072994882241,0.135232534781126,0.446479406346695,0.727009429805073
3,197,0.178023045703431,0.0474323687185101,0.13071944296914,0.0981824509258893,0.0474634779347967,0.123088381847778,0.574989152702516,0.667403283867225
3,198,0.181143385046716,0.156795751386372,0.16541654244933,0.156850361722017,0.161247486838919,0.106289777691804,0.831705604204826,0.615776736848068
3,199,0.168365993306846,0.0638428321290357,0.0638431574440785,0.0968174063916538,0.148268924685241,0.115103774288565,0.537069200522747,0.6869974435691
3,200,0.17485296199195,0.0894006958887412,0.107291105515827,0.114515978458506,0.0894181614285133,0.127275746741557,0.678953558970282,0.73588640633254
3,201,0.147300596464656,0.0381772289432921,0.048508454926632,0.0381078426218265,0.0575856486558396,0.14637505025735,0.759455257309799,0.681510680632714
3,202,0.154160486095409,0.0968217010497343,0.096865436001575,0.163903045570964,0.113508933780644,0.155921664746996,0.554154145905615,0.722307103132452
3,203,0.187508407410152,0.00919173229415669,0.00915232083975056,0.0237994379501409,0.0297712143772895,0.149604929976215,0.86166941320784,0.611337676918782
3,204,0.283597745081165,0.0318084970088199,0.0472541171589359,0.0317510579942228,0.151871655833334,0.179127891656551,0.797206402015865,0.657780345928978
3,205,0.196136613347404,0.148535530281195,0.148590130294339,0.172151245939733,0.176118383455032,0.144653912281786,0.742678189377268,0.672571587278017
3,206,0.23321105179313,0.0628790956075959,0.0628685784194654,0.168852907279864,0.149654352928051,0.138366548107602,0.837109972601196,0.630041795258155
3,207,0.184358120912253,0.0996488674667019,0.128667675695644,0.136287078220627,0.0996939297259872,0.167550160486071,0.814051606810784,0.628608028412666
3,208,0.118234658122089,0.023308094878074,0.023281181383107,0.104589160914358,0.121324656785856,0.129630191380685,0.776566477900424,0.59714031020882
3,209,0.144113410704375,0.0897709806055841,0.0897810100790201,0.131948525575818,0.111165173102957,0.140626602709495,0.816905395576631,0.664397781567301
3,210,0.212484043021112,0.0271877495007778,0.0732342916580555,0.0271916024473901,0.100883614199701,0.141876076546136,0.676644780069643,0.662729821297129
3,211,0.101099918889834,0.085460843245953,0.0854617455797787,0.101892473840476,0.0974484899184051,0.10446159322746,0.463844269255488,0.68645213559599
3,212,0.132277117127895,0.054095743071424,0.0938671791693832,0.054088388535216,0.142070175682264,0.131107017422653,0.685578064792357,0.667879708411404
3,213,0.134648217699934,0.0974456919251206,0.0974725335502622,0.137148788374633,0.132428856569481,0.133743157278618,0.745348983882507,0.637568737447616
3,214,0.134576103389298,0.0787728542083691,0.116392450306728,0.0939624535154609,0.0787717996824251,0.12111192468088,0.633828824958006,0.605444628346225
3,215,0.0982753815445748,0.0530431882071589,0.068017420689995,0.053038537486134,0.0630888839405865,0.126898065684601,0.74586363173756,0.680587099747922
3,216,0.194262010294038,0.0342255237284569,0.0342596577772576,0.0747732602018475,0.060558513290492,0.150076350131147,0.881722551729378,0.654082995797057
3,217,0.196513405372128,0.0911159983025177,0.121867277958122,0.0910942147530055,0.0913918397307909,0.143955398755403,0.740684707138267,0.619604683145115
3,218,0.119887053630696,0.0682238136871663,0.0682319085092824,0.106732849857055,0.107927647118433,0.152022302154456,0.490090232605917,0.747356140389522
3,219,0.101114488463093,0.0873037862769595,0.109084387048052,0.08730875721545,0.0993716365509417,0.0955658894727005,0.650347978500619,0.640099744279009
3,220,0.209566825118665,0.0686834008525773,0.0942138415781796,0.068593953044355,0.0965982628266038,0.14692364777819,0.761523178639699,0.660660025687049
3,221,0.159331108255893,0.0299510243557575,0.0299458797466043,0.0593012918120323,0.0874884079097874,0.149079198554378,0.727954813332512,0.714292732315066
3,222,0.127420743950278,0.0425310242321213,0.0810242016058748,0.0850641558020283,0.0424905047608259,0.140427261401944,0.778420122852505,0.69935411174417
3,223,0.139150567979155,0.0778989962230118,0.0778789996005052,0.0836366395361457,0.0889878446664052,0.144998284512019,0.692269206471841,0.64702138165702
3,224,0.150351916192746,0.0853910646804455,0.0852883066970879,0.122976453843912,0.0883091346762005,0.150544294880254,0.682071824679957,0.659707682868537
3,225,0.162046586465141,0.0488541421223507,0.109627292779384,0.0737022302827184,0.0488559978995773,0.135366745598245,0.676018852612925,0.609655384074139
3,226,0.149057549214129,0.0635132249195386,0.0635416832187355,0.0918563332511549,0.0666816075073178,0.126608323365502,0.407321136900127,0.730924186484444
3,227,0.230020883672947,0.0266545168136903,0.113754754618773,0.0266541306174235,0.131971534427671,0.13675104283652,0.589881945186013,0.635183976932509
3,228,0.119284627405534,0.0596754750183668,0.101115856809482,0.113871304002022,0.0596833190751041,0.143050151964484,0.659286122133847,0.654672518452947
3,229,0.17721668609297,0.0663017305590916,0.110129872607147,0.0662444814985434,0.0998578528999591,0.153195045671686,0.817364630829634,0.585962333612607
3,230,0.101191395705307,0.0802332341732992,0.098827726068023,0.112664583803036,0.0802315788481311,0.141640289446489,0.736773086149183,0.64311451250294
3,231,0.12812964215507,0.0531639271129104,0.0589315164881418,0.0531644391034508,0.0716681070190247,0.138086340257136,0.825146053325382,0.582237361871031
3,232,0.146658809411572,0.0593216944436927,0.0599868731430742,0.0592589804762883,0.0642940680843144,0.135068472468778,0.944642169219723,0.683090130835196
3,233,0.137971575695636,0.0713085388223016,0.077539856331331,0.0712467726512927,0.0817966534823623,0.124359771592067,0.945048467789937,0.660254653155191
3,234,0.137971575695636,0.0713085388223016,0.077539856331331,0.0712467726512927,0.0817966534823623,0.124359771592067,0.945048467789937,0.660254653155191
3,235,0.194736482571183,0.0554869003972799,0.0554975689281862,0.0881730752575946,0.109744032382364,0.142302124000433,0.908722855630515,0.622845422389519
3,236,0.166812168918921,0.0651860148770893,0.116395685345202,0.0651735357395354,0.0959232126133849,0.121242297802671,0.84944455483293,0.610013249157014
3,237,0.166812168918921,0.0651860148770893,0.116395685345202,0.0651735357395354,0.0959232126133849,0.121242297802671,0.84944455483293,0.610013249157014
3,238,0.166812168918921,0.0651860148770893,0.116395685345202,0.0651735357395354,0.0959232126133849,0.121242297802671,0.84944455483293,0.610013249157014
3,239,0.166812168918921,0.0651860148770893,0.116395685345202,0.0651735357395354,0.0959232126133849,0.121242297802671,0.84944455483293,0.610013249157014
3,240,0.166812168918921,0.0651860148770893,0.116395685345202,0.0651735357395354,0.0959232126133849,0.121242297802671,0.84944455483293,0.610013249157014
3,241,0.166812168918921,0.0651860148770893,0.116395685345202,0.0651735357395354,0.0959232126133849,0.121242297802671,0.84944455483293,0.610013249157014
3,242,0.166812168918921,0.0651860148770893,0.116395685345202,0.0651735357395354,0.0959232126133849,0.121242297802671,0.84944455483293,0.610013249157014
3,243,0.146192695030745,0.0151304809241305,0.0560572164082184,0.0151962840024428,0.0978871580149899,0.130662708342944,0.877876259748682,0.636096268580788
3,244,0.146192695030745,0.0151304809241305,0.0560572164082184,0.0151962840024428,0.0978871580149899,0.130662708342944,0.877876259748682,0.636096268580788
3,245,0.146192695030745,0.0151304809241305,0.0560572164082184,0.0151962840024428,0.0978871580149899,0.130662708342944,0.877876259748682,0.636096268580788
3,246,0.146192695030745,0.0151304809241305,0.0560572164082184,0.0151962840024428,0.0978871580149899,0.130662708342944,0.877876259748682,0.636096268580788
3,247,0.186381943711493,0.0136599831722609,0.034952016817901,0.0136714341645293,0.0829846720762314,0.135241951502037,0.966620786693854,0.699446976466802
3,248,0.225028206777605,0.123818867359524,0.123832763366296,0.188795982137921,0.125237804569043,0.141435188706291,0.796622282369917,0.634492880228795
3,249,0.239738202948862,0.0780306135888131,0.102125401918985,0.0780133196175605,0.123084890635441,0.154944285195355,0.756823810760968,0.681495448747783
3,250,0.0655016431757193,0.0392128996288686,0.0607945165074859,0.0639820813139343,0.039211010757843,0.108033374994909,0.532001831773974,0.635341820041045
3,251,0.206688701020861,0.0615862620074951,0.0786719660126983,0.0614887331313218,0.154605501049001,0.159028752260168,0.782225541437674,0.625491897389968
3,252,0.206688701020861,0.0615862620074951,0.0786719660126983,0.0614887331313218,0.154605501049001,0.159028752260168,0.782225541437674,0.625491897389968
3,253,0.150538488979892,0.0287503972242563,0.0394187003532464,0.033776184698422,0.0287230662489092,0.113627528300067,0.819671297803162,0.692083179708741
3,254,0.14251127047746,0.0564968502199406,0.125054851788826,0.0981581216599422,0.0564921615251717,0.137837099267682,0.572324546989584,0.682348604132194
3,255,0.14782106261081,0.0473161297076463,0.04732741961343,0.103227669255334,0.0967201489595754,0.135407904699388,0.681306156845337,0.70027734656741
3,256,0.269875157110898,0.109604476347957,0.149750828627124,0.164669509548527,0.109545611507484,0.161549919148106,0.79370544869411,0.610699918292529
3,257,0.171116970005475,0.0794444768755696,0.102329927780013,0.0793414797603228,0.155911869444403,0.113422931992606,0.642738700820571,0.675771104679007
3,258,0.206303364649944,0.0178953657541405,0.0178002668525832,0.046525861447896,0.043320455935846,0.151570494227763,0.576056902730933,0.746242805230707
3,259,0.0995820400096339,0.0246529913462508,0.0606748663699505,0.0757624285411684,0.0246440364476193,0.126078819792687,0.429204312580248,0.651461634076635
3,260,0.196123240420766,0.0201920896867172,0.0201997561307896,0.0559920059955545,0.119036603426757,0.143417237573356,0.667886321451442,0.644193954000442
3,261,0.196123240420766,0.0201920896867172,0.0201997561307896,0.0559920059955545,0.119036603426757,0.143417237573356,0.667886321451442,0.644193954000442
3,262,0.159709599525366,0.0439065058806751,0.0439138580070799,0.109380704258348,0.0787295139532274,0.123012158124057,0.505273693484467,0.732109370185356
3,263,0.148217890642394,0.0925290781970528,0.0925555317923429,0.128849595738509,0.0924883270825942,0.125596484022851,0.690000175794761,0.592743789587122
3,264,0.194001242419331,0.049796981752788,0.0824162927081899,0.0497027276746155,0.0943421663322676,0.151790015685586,0.431365059513435,0.740335737561304
3,265,0.196946835490695,0.102316531750476,0.139455130580878,0.122596356888057,0.102240512855369,0.132037603889548,0.499736108340957,0.662498968215481
3,266,0.121546246311837,0.0573162661036499,0.0696127117422596,0.0573095538243315,0.0594164089587131,0.113204013681277,0.635419002320089,0.71042433394699
3,267,0.191747151126376,0.0960349385848756,0.113237914526892,0.15888605953494,0.0960366002227991,0.129613787358005,0.481086008870352,0.747875027615022
3,268,0.170063722749499,0.11241030423942,0.131291596845231,0.11241536238669,0.156220177085461,0.116227736956052,0.695645628024397,0.668972472803651
3,269,0.216377557634404,0.147075139021792,0.160778486315958,0.16402362308688,0.147093529031363,0.156774243933766,0.873826281086761,0.635267386517842
3,270,0.143987030278908,0.0713307911987904,0.110704478514428,0.0713312149979156,0.145009960319618,0.117565009756812,0.741653677671568,0.664254039334592
3,271,0.218567071802599,0.00236693642445086,0.032458332828884,0.00230225124097935,0.0739160467596941,0.145232194129292,0.815523468344044,0.701774470941464
3,272,0.124159002725165,0.0408041712336951,0.0407137236514519,0.043085850175125,0.0426686266019303,0.108088905642715,0.816478011368626,0.685116740077576
3,273,0.143438849510633,0.0345484218771982,0.0730107062553111,0.0699418474785495,0.0345365161508664,0.133744253600039,0.654387220996335,0.701006663388887
3,274,0.11159454259601,0.012184500763488,0.0430418932457066,0.0193579100533339,0.0122193515361848,0.118452921660369,0.826874874405539,0.768092997764754
3,275,0.11159454259601,0.012184500763488,0.0430418932457066,0.0193579100533339,0.0122193515361848,0.118452921660369,0.826874874405539,0.768092997764754
3,276,0.2027258767415,0.0910499819866529,0.158441326655506,0.172924275454591,0.091046029615317,0.137607756165782,0.847693284837958,0.648321558390479
3,277,0.161135316553163,0.0996112627685642,0.0996165895957201,0.1230287234875,0.127049342694449,0.123091434192998,0.915856672741968,0.628082614117646
3,278,0.207810036155577,0.0465823319136885,0.142955566015636,0.139290485865364,0.0466083037186953,0.136807555791702,0.771066400045768,0.669832252646922
3,279,0.190526773594677,0.0629251880350878,0.0830522496018378,0.0629328143903669,0.0680766776280327,0.144812197904178,0.778132388244483,0.641329523886335
3,280,0.1841735216671,0.107584458794521,0.120952518048976,0.107514601595662,0.11232572510315,0.150778735721348,0.803189028212659,0.694275616135295
3,281,0.205667192845691,0.0834244058228043,0.123511926803347,0.083419167377641,0.113680990651224,0.145053699080645,0.727563271322568,0.617350726851293
3,282,0.158120650925252,0.10697576338087,0.121757805997525,0.106960624117099,0.112363516948958,0.124485900943647,0.652895470756046,0.716211789349809
3,283,0.225839233085985,0.096039788505802,0.0960192355747515,0.117291508144514,0.152828791746535,0.153934925157999,0.693194139698427,0.647504974310425
3,284,0.225839233085985,0.096039788505802,0.0960192355747515,0.117291508144514,0.152828791746535,0.153934925157999,0.693194139698427,0.647504974310425
3,285,0.15736382165405,0.0833671839802729,0.0833981883761058,0.101084473602994,0.147878628859969,0.12699926282963,0.547415715378086,0.730252937384949
3,286,0.234414961024436,0.109627073710112,0.109543000792325,0.111104016910821,0.154308314431254,0.128851235678399,0.720528189196723,0.624143035979787
3,287,0.215533289343318,0.103567079722857,0.107763446054476,0.103563121038955,0.128568192828648,0.126029802031038,0.752338317664908,0.646329211689347
3,288,0.182680481144899,0.113754551223898,0.113764139746393,0.17367924041128,0.123215911424263,0.137128920405859,0.603933737234409,0.655231473419364
3,289,0.130313069321293,0.0723214926351025,0.0936742913657098,0.109571513175712,0.0723381954409857,0.134593114333303,0.931355820457657,0.646048209403833
3,290,0.157618398706301,0.0829851231649259,0.0828797884075231,0.0950041821762759,0.092465327750609,0.113405822018919,0.807079525446192,0.643427965982062
3,291,0.0809352737270339,0.058258277676439,0.0647749263131457,0.0582545937906052,0.0662559510502529,0.116609690001419,0.910042347030469,0.689894174628684
3,292,0.176884258686451,0.0197365701558637,0.019737797997466,0.0320582709311729,0.0967249103589932,0.112371373102513,0.736826943980799,0.669065229961207
3,293,0.0866531123036798,0.0242806178784644,0.0826746049155808,0.0786623036731166,0.0242714799319521,0.140216672228089,0.471838942208034,0.752344347828198
3,294,0.0866531123036798,0.0242806178784644,0.0826746049155808,0.0786623036731166,0.0242714799319521,0.140216672228089,0.471838942208034,0.752344347828198
3,295,0.0815904736863052,0.0462458021892072,0.0846658961077102,0.0770125729328931,0.0462448026865441,0.12978289500019,0.574442324689246,0.744024573096839
3,296,0.178820380456556,0.0409619053515105,0.126482796251549,0.106759822335133,0.0409693983455633,0.148061095467759,0.67161830443942,0.733164599607152
3,297,0.117879561565052,0.0461415897035729,0.0616930322400417,0.0747619376279728,0.0461927896296496,0.138641755510207,0.838678888207103,0.628070801955367
3,298,0.236404511320608,0.0995141905970193,0.0994679050566971,0.139216872708037,0.116572765482253,0.129687709582604,0.619683976795671,0.699512953476169
3,299,0.234700449759828,0.0873081970150645,0.0886425183875398,0.087285519375772,0.133881952232202,0.13524446706697,0.874194842856889,0.663470213870877
3,300,0.191403566622135,0.0618848161123436,0.0619057718853679,0.0941826393169485,0.0974352971357777,0.111630403288212,0.79978583114723,0.666889735160948
4,1,0.155391710139798,0.114075988659703,0.114050754064131,0.139299781412473,0.137406802637108,0.122272497958449,0.575750652313483,0.619762837846014
4,2,0.173111998541551,0.0982636637754722,0.114104948283141,0.106580701482138,0.0981988271953839,0.124378863935611,0.657513646003863,0.711352282826351
4,3,0.188939625840829,0.101132712505631,0.142044533464835,0.101074206734958,0.103772147658209,0.118909511199203,0.716324339904255,0.653542284219949
4,4,0.225120896382381,0.145707619101292,0.145735431646145,0.163920622528836,0.184947864659543,0.13430179624846,0.727709328756129,0.649217238902617
4,5,0.29003564140481,0.0584716288608349,0.137082918197617,0.182420898766751,0.0584661497661965,0.161845528843493,0.835436838788761,0.664244328019222
4,6,0.161929766373706,0.126153198902863,0.12619435773074,0.143831087331687,0.144547468903267,0.0940632877637272,0.763195274944605,0.624859294881752
4,7,0.146305207235017,0.107420899040296,0.125728553495174,0.118782897584891,0.107350355942525,0.108319964070604,0.610594438583967,0.684220912107459
4,8,0.120059062479189,0.0791691676728428,0.0922048284765634,0.079166395051748,0.0926471920826683,0.113640443607342,0.794474283978388,0.631506635507339
4,9,0.134984282331136,0.0562999628369252,0.115442209548855,0.0562748833106621,0.0910274075496043,0.110134161431938,0.635782628948637,0.699562637030247
4,10,0.268868199679744,0.104697258565425,0.104734981056801,0.149267212466581,0.13961590127994,0.154188157361122,0.654694119277909,0.691794612985405
4,11,0.143891952389837,0.0326682160945714,0.0327147997569808,0.052429086360856,0.0800934707187463,0.12407280812435,0.876824785197631,0.632475437224294
4,12,0.143891952389837,0.0326682160945714,0.0327147997569808,0.052429086360856,0.0800934707187463,0.12407280812435,0.876824785197631,0.632475437224294
4,13,0.143891952389837,0.0326682160945714,0.0327147997569808,0.052429086360856,0.0800934707187463,0.12407280812435,0.876824785197631,0.632475437224294
4,14,0.162107724934982,0.0338210783633121,0.101673692294381,0.146328053300403,0.0338572347459707,0.115520329919091,0.696450441315699,0.687613952449455
4,15,0.137951140766124,0.0705036809561873,0.101150247388103,0.0979880804522037,0.0705156208880924,0.132236855040432,0.335149353804688,0.68318536810706
4,16,0.138817099321892,0.0256058466306185,0.0681627398347962,0.0255952484388258,0.0989737273388498,0.107298019750936,0.324593745454356,0.623020953818851
4,17,0.192207303398939,0.0450195947833181,0.0675528269517804,0.0450401996193809,0.159247141250744,0.135663943823372,0.721323503105876,0.665824487991376
4,18,0.10103063951761,0.087654709758238,0.096421654273684,0.0916446049833089,0.0876534175865552,0.103971604334708,0.945556617200234,0.65529435163083
4,19,0.10103063951761,0.087654709758238,0.096421654273684,0.0916446049833089,0.0876534175865552,0.103971604334708,0.945556617200234,0.65529435163083
4,20,0.10103063951761,0.087654709758238,0.096421654273684,0.0916446049833089,0.0876534175865552,0.103971604334708,0.945556617200234,0.65529435163083
4,21,0.160812329550447,0.0747671498050682,0.0863113913005665,0.105592313101864,0.0748296718159486,0.132131028596607,0.820742823699468,0.722171582554882
4,22,0.173241458870049,0.131002707805395,0.132574602841937,0.146150634268157,0.13102882458298,0.120536281951742,0.859469992825335,0.669058152213983
4,23,0.173241458870049,0.131002707805395,0.132574602841937,0.146150634268157,0.13102882458298,0.120536281951742,0.859469992825335,0.669058152213983
4,24,0.225279437486146,0.137858399805061,0.191793471590648,0.162630287927151,0.137848399477394,0.135012214404154,0.837742353614535,0.657400420716366
4,25,0.0801740925370957,0.0410273535907384,0.0703057007731567,0.0809569287470936,0.0410773729740786,0.107177995343742,0.590860782014054,0.710543375630177
4,26,0.143522639715959,0.00918968362390703,0.0376218471976326,0.00918780096641553,0.0477571654954696,0.124611834326067,0.505006250941357,0.714237774882296
4,27,0.19117574660679,0.130386960132368,0.17073596455261,0.130374259341114,0.14168490528213,0.132263139013348,0.656070684777612,0.651644214370357
4,28,0.142393092175105,0.0496218029424897,0.0888776358619786,0.102927352833446,0.0495678797182911,0.13298507266565,0.355286473819322,0.758179298221959
4,29,0.144684557936728,0.0890378121211006,0.134852856003118,0.152997343831265,0.0890358877573698,0.0861238996051557,0.715888667886601,0.539472943882846
4,30,0.201526850679335,0.105910885737921,0.105909249108406,0.122053861732686,0.14271481126939,0.139531688379755,0.816511501589374,0.617592324704807
4,31,0.166368559815357,0.108000162407054,0.117820792343597,0.151327439039777,0.108011172277144,0.128246936239025,0.781214338844364,0.585777675326196
4,32,0.176283098184748,0.0992046274705403,0.15733472373176,0.172006202743153,0.0992261028062144,0.162385300751905,0.518034242107908,0.655747816583944
4,33,0.135597006058013,0.0497834910694273,0.0779985000168571,0.049776940409003,0.132708317664858,0.112342932104587,0.655434866562939,0.688702654424012
4,34,0.168098028239997,0.100957132537603,0.137551374932441,0.116275480829494,0.100883084758226,0.120994003360058,0.651357309630102,0.649319802667098
4,35,0.217171047571061,0.0771159498652423,0.165835798549196,0.168350129911009,0.0771151417133049,0.13636150915134,0.632318544968211,0.547383776836352
4,36,0.131045819975527,0.0537789452305291,0.081158930795382,0.107393135374445,0.0537432779562064,0.123624850513187,0.869813292087042,0.672939485390473
4,37,0.272004460596701,0.113746660833839,0.113641563132377,0.162471166796002,0.131934916395733,0.101775253831387,0.95684629120429,0.600728515447285
4,38,0.272004460596701,0.113746660833839,0.113641563132377,0.162471166796002,0.131934916395733,0.101775253831387,0.95684629120429,0.600728515447285
4,39,0.272004460596701,0.113746660833839,0.113641563132377,0.162471166796002,0.131934916395733,0.101775253831387,0.95684629120429,0.600728515447285
4,40,0.272004460596701,0.113746660833839,0.113641563132377,0.162471166796002,0.131934916395733,0.101775253831387,0.95684629120429,0.600728515447285
4,41,0.228560771897908,0.0932487615538876,0.102551321330897,0.0932426899287393,0.0954877431325986,0.126954522973131,0.955786247306401,0.614917600003366
4,42,0.228560771897908,0.0932487615538876,0.102551321330897,0.0932426899287393,0.0954877431325986,0.126954522973131,0.955786247306401,0.614917600003366
4,43,0.201734335350896,0.0985268873926405,0.0984263192275462,0.120446282721408,0.150161447481693,0.127876901769808,0.947822627161882,0.611027902084475
4,44,0.201734335350896,0.0985268873926405,0.0984263192275462,0.120446282721408,0.150161447481693,0.127876901769808,0.947822627161882,0.611027902084475
4,45,0.201734335350896,0.0985268873926405,0.0984263192275462,0.120446282721408,0.150161447481693,0.127876901769808,0.947822627161882,0.611027902084475
4,46,0.201734335350896,0.0985268873926405,0.0984263192275462,0.120446282721408,0.150161447481693,0.127876901769808,0.947822627161882,0.611027902084475
4,47,0.201734335350896,0.0985268873926405,0.0984263192275462,0.120446282721408,0.150161447481693,0.127876901769808,0.947822627161882,0.611027902084475
4,48,0.201734335350896,0.0985268873926405,0.0984263192275462,0.120446282721408,0.150161447481693,0.127876901769808,0.947822627161882,0.611027902084475
4,49,0.201734335350896,0.0985268873926405,0.0984263192275462,0.120446282721408,0.150161447481693,0.127876901769808,0.947822627161882,0.611027902084475
4,50,0.201734335350896,0.0985268873926405,0.0984263192275462,0.120446282721408,0.150161447481693,0.127876901769808,0.947822627161882,0.611027902084475
4,51,0.201734335350896,0.0985268873926405,0.0984263192275462,0.120446282721408,0.150161447481693,0.127876901769808,0.947822627161882,0.611027902084475
4,52,0.233619413447068,0.0546170821864411,0.0545995756529582,0.0882163786709281,0.0600205711951379,0.154651965585764,0.964642284284837,0.642249803525377
4,53,0.233619413447068,0.0546170821864411,0.0545995756529582,0.0882163786709281,0.0600205711951379,0.154651965585764,0.964642284284837,0.642249803525377
4,54,0.233619413447068,0.0546170821864411,0.0545995756529582,0.0882163786709281,0.0600205711951379,0.154651965585764,0.964642284284837,0.642249803525377
4,55,0.233619413447068,0.0546170821864411,0.0545995756529582,0.0882163786709281,0.0600205711951379,0.154651965585764,0.964642284284837,0.642249803525377
4,56,0.233619413447068,0.0546170821864411,0.0545995756529582,0.0882163786709281,0.0600205711951379,0.154651965585764,0.964642284284837,0.642249803525377
4,57,0.233619413447068,0.0546170821864411,0.0545995756529582,0.0882163786709281,0.0600205711951379,0.154651965585764,0.964642284284837,0.642249803525377
4,58,0.233619413447068,0.0546170821864411,0.0545995756529582,0.0882163786709281,0.0600205711951379,0.154651965585764,0.964642284284837,0.642249803525377
4,59,0.233619413447068,0.0546170821864411,0.0545995756529582,0.0882163786709281,0.0600205711951379,0.154651965585764,0.964642284284837,0.642249803525377
4,60,0.233619413447068,0.0546170821864411,0.0545995756529582,0.0882163786709281,0.0600205711951379,0.154651965585764,0.964642284284837,0.642249803525377
4,61,0.233619413447068,0.0546170821864411,0.0545995756529582,0.0882163786709281,0.0600205711951379,0.154651965585764,0.964642284284837,0.642249803525377
4,62,0.233619413447068,0.0546170821864411,0.0545995756529582,0.0882163786709281,0.0600205711951379,0.154651965585764,0.964642284284837,0.642249803525377
4,63,0.233619413447068,0.0546170821864411,0.0545995756529582,0.0882163786709281,0.0600205711951379,0.154651965585764,0.964642284284837,0.642249803525377
4,64,0.233619413447068,0.0546170821864411,0.0545995756529582,0.0882163786709281,0.0600205711951379,0.154651965585764,0.964642284284837,0.642249803525377
4,65,0.233619413447068,0.0546170821864411,0.0545995756529582,0.0882163786709281,0.0600205711951379,0.154651965585764,0.964642284284837,0.642249803525377
4,66,0.233619413447068,0.0546170821864411,0.0545995756529582,0.0882163786709281,0.0600205711951379,0.154651965585764,0.964642284284837,0.642249803525377
4,67,0.233619413447068,0.0546170821864411,0.0545995756529582,0.0882163786709281,0.0600205711951379,0.154651965585764,0.964642284284837,0.642249803525377
4,68,0.233619413447068,0.0546170821864411,0.0545995756529582,0.0882163786709281,0.0600205711951379,0.154651965585764,0.964642284284837,0.642249803525377
4,69,0.233619413447068,0.0546170821864411,0.0545995756529582,0.0882163786709281,0.0600205711951379,0.154651965585764,0.964642284284837,0.642249803525377
4,70,0.233619413447068,0.0546170821864411,0.0545995756529582,0.0882163786709281,0.0600205711951379,0.154651965585764,0.964642284284837,0.642249803525377
4,71,0.233619413447068,0.0546170821864411,0.0545995756529582,0.0882163786709281,0.0600205711951379,0.154651965585764,0.964642284284837,0.642249803525377
4,72,0.233619413447068,0.0546170821864411,0.0545995756529582,0.0882163786709281,0.0600205711951379,0.154651965585764,0.964642284284837,0.642249803525377
4,73,0.233619413447068,0.0546170821864411,0.0545995756529582,0.0882163786709281,0.0600205711951379,0.154651965585764,0.964642284284837,0.642249803525377
4,74,0.233619413447068,0.0546170821864411,0.0545995756529582,0.0882163786709281,0.0600205711951379,0.154651965585764,0.964642284284837,0.642249803525377
4,75,0.233619413447068,0.0546170821864411,0.0545995756529582,0.0882163786709281,0.0600205711951379,0.154651965585764,0.964642284284837,0.642249803525377
4,76,0.233619413447068,0.0546170821864411,0.0545995756529582,0.0882163786709281,0.0600205711951379,0.154651965585764,0.964642284284837,0.642249803525377
4,77,0.233619413447068,0.0546170821864411,0.0545995756529582,0.0882163786709281,0.0600205711951379,0.154651965585764,0.964642284284837,0.642249803525377
4,78,0.233619413447068,0.0546170821864411,0.0545995756529582,0.0882163786709281,0.0600205711951379,0.154651965585764,0.964642284284837,0.642249803525377
4,79,0.233619413447068,0.0546170821864411,0.0545995756529582,0.0882163786709281,0.0600205711951379,0.154651965585764,0.964642284284837,0.642249803525377
4,80,0.220426139903827,0.101861531431398,0.101837771565785,0.110744774753506,0.132856824220443,0.153786982810034,0.981812073252529,0.618922208768748
4,81,0.220426139903827,0.101861531431398,0.101837771565785,0.110744774753506,0.132856824220443,0.153786982810034,0.981812073252529,0.618922208768748
4,82,0.220426139903827,0.101861531431398,0.101837771565785,0.110744774753506,0.132856824220443,0.153786982810034,0.981812073252529,0.618922208768748
4,83,0.220426139903827,0.101861531431398,0.101837771565785,0.110744774753506,0.132856824220443,0.153786982810034,0.981812073252529,0.618922208768748
4,84,0.220426139903827,0.101861531431398,0.101837771565785,0.110744774753506,0.132856824220443,0.153786982810034,0.981812073252529,0.618922208768748
4,85,0.220426139903827,0.101861531431398,0.101837771565785,0.110744774753506,0.132856824220443,0.153786982810034,0.981812073252529,0.618922208768748
4,86,0.220426139903827,0.101861531431398,0.101837771565785,0.110744774753506,0.132856824220443,0.153786982810034,0.981812073252529,0.618922208768748
4,87,0.220426139903827,0.101861531431398,0.101837771565785,0.110744774753506,0.132856824220443,0.153786982810034,0.981812073252529,0.618922208768748
4,88,0.220426139903827,0.101861531431398,0.101837771565785,0.110744774753506,0.132856824220443,0.153786982810034,0.981812073252529,0.618922208768748
4,89,0.220426139903827,0.101861531431398,0.101837771565785,0.110744774753506,0.132856824220443,0.153786982810034,0.981812073252529,0.618922208768748
4,90,0.220426139903827,0.101861531431398,0.101837771565785,0.110744774753506,0.132856824220443,0.153786982810034,0.981812073252529,0.618922208768748
4,91,0.220426139903827,0.101861531431398,0.101837771565785,0.110744774753506,0.132856824220443,0.153786982810034,0.981812073252529,0.618922208768748
4,92,0.163079793991182,0.0940036824398586,0.126308533051233,0.167318593861054,0.094048427663126,0.163424238788967,0.983955741726813,0.674290706034542
4,93,0.163079793991182,0.0940036824398586,0.126308533051233,0.167318593861054,0.094048427663126,0.163424238788967,0.983955741726813,0.674290706034542
4,94,0.163079793991182,0.0940036824398586,0.126308533051233,0.167318593861054,0.094048427663126,0.163424238788967,0.983955741726813,0.674290706034542
4,95,0.163079793991182,0.0940036824398586,0.126308533051233,0.167318593861054,0.094048427663126,0.163424238788967,0.983955741726813,0.674290706034542
4,96,0.163079793991182,0.0940036824398586,0.126308533051233,0.167318593861054,0.094048427663126,0.163424238788967,0.983955741726813,0.674290706034542
4,97,0.193295422117278,0.0337648873643655,0.0337253328845175,0.0532036690802653,0.129437408897705,0.145190118661985,0.974003942788702,0.643488272879502
4,98,0.193295422117278,0.0337648873643655,0.0337253328845175,0.0532036690802653,0.129437408897705,0.145190118661985,0.974003942788702,0.643488272879502
4,99,0.193295422117278,0.0337648873643655,0.0337253328845175,0.0532036690802653,0.129437408897705,0.145190118661985,0.974003942788702,0.643488272879502
4,100,0.193295422117278,0.0337648873643655,0.0337253328845175,0.0532036690802653,0.129437408897705,0.145190118661985,0.974003942788702,0.643488272879502
4,101,0.193295422117278,0.0337648873643655,0.0337253328845175,0.0532036690802653,0.129437408897705,0.145190118661985,0.974003942788702,0.643488272879502
4,102,0.193295422117278,0.0337648873643655,0.0337253328845175,0.0532036690802653,0.129437408897705,0.145190118661985,0.974003942788702,0.643488272879502
4,103,0.193295422117278,0.0337648873643655,0.0337253328845175,0.0532036690802653,0.129437408897705,0.145190118661985,0.974003942788702,0.643488272879502
4,104,0.193295422117278,0.0337648873643655,0.0337253328845175,0.0532036690802653,0.129437408897705,0.145190118661985,0.974003942788702,0.643488272879502
4,105,0.193295422117278,0.0337648873643655,0.0337253328845175,0.0532036690802653,0.129437408897705,0.145190118661985,0.974003942788702,0.643488272879502
4,106,0.193295422117278,0.0337648873643655,0.0337253328845175,0.0532036690802653,0.129437408897705,0.145190118661985,0.974003942788702,0.643488272879502
4,107,0.193295422117278,0.0337648873643655,0.0337253328845175,0.0532036690802653,0.129437408897705,0.145190118661985,0.974003942788702,0.643488272879502
4,108,0.193295422117278,0.0337648873643655,0.0337253328845175,0.0532036690802653,0.129437408897705,0.145190118661985,0.974003942788702,0.643488272879502
4,109,0.193295422117278,0.0337648873643655,0.0337253328845175,0.0532036690802653,0.129437408897705,0.145190118661985,0.974003942788702,0.643488272879502
4,110,0.193295422117278,0.0337648873643655,0.0337253328845175,0.0532036690802653,0.129437408897705,0.145190118661985,0.974003942788702,0.643488272879502
4,111,0.246007430532013,0.0834912533514725,0.0835472895834956,0.0931189849544043,0.104421013466721,0.149249999981224,0.867683009161361,0.677870716756779
4,112,0.115036887568397,0.0598342168958486,0.095436524516011,0.059826578950636,0.0953528026736989,0.140007069088753,0.818870725368607,0.666003466184992
4,113,0.246735677750438,0.137937758065023,0.14720872304924,0.137995179811839,0.143160796861599,0.153945065041751,0.699023960274625,0.630519613436126
4,114,0.124425245424284,0.0791200396664269,0.0791166338781945,0.102746938170455,0.112211867933596,0.127365714104661,0.559295865634271,0.684851467081351
4,115,0.169193885839853,0.0673076166469274,0.067335465075113,0.124886807574709,0.0959040923681407,0.109537461507995,0.742757177188123,0.6535190757881
4,116,0.220784711131952,0.12171115717742,0.121696160202695,0.126484668303082,0.140189284463235,0.146630168316051,0.491764907601124,0.659425122207835
4,117,0.104275450630943,0.10374314095342,0.104494820947758,0.105473440453865,0.103743049442286,0.0757640231009174,0.538449364120292,0.683239740240471
4,118,0.193494287444363,0.0908345352259171,0.0908714210117555,0.13445298151564,0.105494558935466,0.132949834030114,0.807353703070935,0.629801961888209
4,119,0.136782507104383,0.0902819373644359,0.1149147964767,0.113422739214896,0.0903085400393357,0.121747229156741,0.66721411551886,0.666729270893615
4,120,0.169623823883332,0.0527666877490296,0.089660027262306,0.0860190070923206,0.0528024965095374,0.14475673330461,0.630123725011547,0.627737112696545
4,121,0.180265252485694,0.038616949758071,0.096682321643043,0.0385962402732904,0.0696455874352467,0.138489183439599,0.809647999080304,0.656704953750189
4,122,0.185688210613135,0.0633381314707536,0.0633439671156499,0.107380526456437,0.162433666909417,0.13234665810344,0.883779860411118,0.582767176632659
4,123,0.168185881565584,0.0558487308786629,0.0862230250576952,0.127534256117549,0.0558271748336442,0.169883551580143,0.738716225251877,0.689477057926783
4,124,0.199089797252308,0.0870711376923517,0.117768288780485,0.087139459521215,0.131858843929411,0.171186373039202,0.563247016769867,0.609330791001833
4,125,0.0838654828698716,0.0327976593019925,0.060260849960595,0.0328260296729534,0.0600582473274442,0.132462457769718,0.323258291670333,0.698166402744217
4,126,0.181747269604269,0.118809063918449,0.137757008300378,0.177397088754845,0.1188166988343,0.130870712827213,0.710233185549502,0.619742531608339
4,127,0.183429102422044,0.0888896659978151,0.0935899665660656,0.113121107018431,0.0889522229985111,0.136558175290119,0.436408440471968,0.69498418733527
4,128,0.184162114866641,0.0773838445917829,0.0773972284749992,0.12985087872019,0.110837337043908,0.163359609883355,0.412295065888646,0.697655204859603
4,129,0.207555836032161,0.0594845454777086,0.0741570856054216,0.0749274581185037,0.0594971463992691,0.126984979428734,0.637076239069669,0.645602746484226
4,130,0.229778740021319,0.124262520423459,0.135110142154963,0.124237430306921,0.142717284532781,0.133577177045119,0.611794794086695,0.648861744014488
4,131,0.229778740021319,0.124262520423459,0.135110142154963,0.124237430306921,0.142717284532781,0.133577177045119,0.611794794086695,0.648861744014488
4,132,0.133694884583873,0.0167803579698178,0.0665774669914484,0.0516977320399829,0.0167684211673404,0.131753836278725,0.521581247155446,0.742213486423136
4,133,0.154607835004995,0.0685204907378228,0.101791825355864,0.110919455645758,0.0685270959844577,0.130456933734041,0.74906834266405,0.689619902116894
4,134,0.203554118759158,0.097632033890793,0.147316930459507,0.0976516842998803,0.155660452857302,0.122487316238777,0.844121466723106,0.606389481946156
4,135,0.185051644693625,0.023356408180468,0.0233246668702764,0.0455135392688633,0.0456516269083246,0.119547705937295,0.783037253871108,0.695741944770691
4,136,0.150038009398842,0.0548045602843014,0.054791971217425,0.0597613784602462,0.11004434096591,0.122323578767135,0.681162995124735,0.676414085869786
4,137,0.160213975655297,0.0645347599494002,0.118999644936965,0.0645208634433773,0.100297492970445,0.103143891101955,0.837106223356677,0.643695919367836
4,138,0.134432885300983,0.0329362342692178,0.0329668143175258,0.0856340824286912,0.070911943503263,0.135396549495166,0.561528219497662,0.622413340974832
4,139,0.196390750504056,0.0305640744662372,0.104442918652811,0.0305781379402602,0.0847898415131462,0.147575092654268,0.696390448300843,0.62614373783572
4,140,0.120067842457671,0.0585169367344353,0.0867014415675685,0.0585026658984976,0.10179644253519,0.155218892880101,0.552278587098321,0.655163159781493
4,141,0.182953008406944,0.114546935208892,0.114572958918114,0.160840810056717,0.12388591795686,0.140614396180297,0.583723557899267,0.684915468725849
4,142,0.168426451118925,0.122567467758271,0.12256143552398,0.15145610721592,0.12354418235978,0.150362133303869,0.769517038112771,0.655256578836289
4,143,0.154159502902517,0.0777202184500374,0.11800528665343,0.0776170607106765,0.124702617642866,0.113615495278604,0.742678790487647,0.634074266412563
4,144,0.173602777948215,0.0911369982015824,0.102799996799349,0.127616724501955,0.0911333946075125,0.112017773140692,0.767359629443773,0.624370234735115
4,145,0.168317184497436,0.0462393541731956,0.0461579794130563,0.102527384001696,0.0977278152431732,0.146126316063779,0.844256699324894,0.663823990892696
4,146,0.168317184497436,0.0462393541731956,0.0461579794130563,0.102527384001696,0.0977278152431732,0.146126316063779,0.844256699324894,0.663823990892696
4,147,0.134980511669525,0.0347785150954774,0.0868307559005903,0.0842618889873031,0.034806024483754,0.124662541438898,0.810920466801603,0.645507548625564
4,148,0.228197652720308,0.054069090151155,0.0758699636428036,0.101249761581654,0.0541076602084736,0.182113824489923,0.539922727739446,0.715164729597437
4,149,0.228197652720308,0.054069090151155,0.0758699636428036,0.101249761581654,0.0541076602084736,0.182113824489923,0.539922727739446,0.715164729597437
4,150,0.104867508420635,0.0100676805451212,0.0158267937034305,0.0100553667563193,0.0700068710248735,0.132275912892772,0.461306918136727,0.71049817987928
4,151,0.186287619674695,0.0564290004493445,0.0563264965757061,0.118975782158852,0.0925975012261597,0.135155343451833,0.586580737040694,0.668334149200734
4,152,0.231288945035982,0.0550829231461022,0.103331842763778,0.114015444255913,0.0551587876671869,0.125080425336852,0.68480783713947,0.682080466616517
4,153,0.18113735606797,0.061860639025677,0.103209941649328,0.164893363091747,0.0619218502633434,0.139615141264323,0.618663162363231,0.658983052215365
4,154,0.128832794030167,0.0589518178499012,0.0590129311748598,0.0711882721116923,0.110608583137019,0.138683973099243,0.69660005364969,0.666543446600513
4,155,0.250967017037059,0.01414358733898,0.144022696347035,0.0142255607150194,0.0567506939331128,0.155602819157526,0.838748625330666,0.62088640861969
4,156,0.192444227888035,0.0499820228715028,0.0500405299932452,0.132503342142395,0.0876060589655728,0.180017363490052,0.742759988247635,0.585960242439529
4,157,0.192444227888035,0.0499820228715028,0.0500405299932452,0.132503342142395,0.0876060589655728,0.180017363490052,0.742759988247635,0.585960242439529
4,158,0.0985524373098601,0.0152432687173734,0.0532994599568255,0.0151741435581563,0.106712730571553,0.111360666158172,0.767722241174535,0.695743549805909
4,159,0.143089319264792,0.0566400645428272,0.109765952707055,0.0566279246131683,0.17151959466672,0.13977312224242,0.824214668817566,0.677229566193753
4,160,0.147237369070288,0.00986785362506292,0.00985242693462864,0.0376990141823831,0.0334932977479047,0.138025090099561,0.6539834029721,0.66765814665599
4,161,0.191001481544064,0.109219359564562,0.109194722752523,0.161406005982102,0.109802474552933,0.153960628732666,0.372042145795693,0.758233031940253
4,162,0.112281227205764,0.0464407532108329,0.0464379311188675,0.117324527490239,0.0998584383894758,0.133758672107761,0.563236822491386,0.685734569175309
4,163,0.1505493844781,0.0574600264113225,0.0730598714931045,0.0574729025509083,0.118245177300215,0.114489743909174,0.56994547418262,0.656592317700751
4,164,0.166862703671861,0.0733122588620182,0.112361805105949,0.0754200070600297,0.0733269798523762,0.149754832745496,0.434106958340869,0.697112476045212
4,165,0.121530180099026,0.0523689187821548,0.0747647312814191,0.0560433547038926,0.0523528476479071,0.139931565437234,0.476146358563828,0.652411227062957
4,166,0.155323406087308,0.0536805047369823,0.0536740573644188,0.0944572960545006,0.0976550951542601,0.121649585234844,0.571079901011426,0.663726158526383
4,167,0.18227103366697,0.0769657798920002,0.109692381858061,0.0769290620646209,0.09713733846567,0.120959716785354,0.744963417450751,0.682051544424771
4,168,0.110503689730505,0.0660988972553415,0.0678488596148297,0.0661002071892301,0.120546044012128,0.113997412380131,0.575100233383708,0.670381043602252
4,169,0.0950405985056138,0.0512655788837703,0.0770555685018308,0.0658617282732473,0.0512487891690783,0.114390321641765,0.752310219123322,0.645283224092472
4,170,0.204693648611852,0.0578967839709154,0.103754563660783,0.0939365972401517,0.0579088009877692,0.151013281238189,0.556621217060621,0.667074975068785
4,171,0.151049461462245,0.132039346812832,0.139747888984624,0.132040663593404,0.139051719520359,0.107480228869983,0.746567609564751,0.611961850397469
4,172,0.18563365567716,0.116787165730357,0.175931765322864,0.138987071747326,0.1167826794075,0.135494115538963,0.710229844092934,0.702260478734357
4,173,0.226494432856834,0.164276820824132,0.192932115790693,0.173418428080544,0.164237416567967,0.132497017614997,0.697550867523783,0.612475194213304
4,174,0.147055434672049,0.0497008383008213,0.0497159970999544,0.0691558319307649,0.143654833261954,0.0967792746044661,0.60688410398737,0.658889366406783
4,175,0.184011231677349,0.0450256112209782,0.126738947805633,0.14154789098642,0.0450311224807735,0.126634168560759,0.560771951593557,0.691944061404433
4,176,0.184011231677349,0.0450256112209782,0.126738947805633,0.14154789098642,0.0450311224807735,0.126634168560759,0.560771951593557,0.691944061404433
4,177,0.0901860880828437,0.0420285667494545,0.0661796278296605,0.0444477226377871,0.042015114837294,0.101053485754095,0.640382838041809,0.680112764909977
4,178,0.287437247501371,0.106678936175584,0.146789756323892,0.12161254076347,0.106730181843522,0.169440513555677,0.827549665048226,0.63740894163398
4,179,0.0681429529698792,0.056424453330393,0.0591293786411279,0.0602064250493599,0.0564304098310905,0.127313865063135,0.731787879785109,0.650599619532135
4,180,0.169763063470332,0.0147674374228578,0.0148026636909608,0.0677059221441477,0.127360038330338,0.126529593490623,0.722259876004789,0.672045624560785
4,181,0.15858021879501,0.0725474540094428,0.072551068281372,0.102615231993601,0.102866728477269,0.140072252756104,0.849420130409629,0.695357912892731
4,182,0.0691460142694351,0.0496964051248416,0.0497088944494857,0.0656842005081158,0.0511694322838926,0.119349816845154,0.865942047559109,0.62137240703746
4,183,0.24617441932619,0.0634491009159826,0.0856625429756017,0.175762468258367,0.0634743040368559,0.157375821148912,0.92644993773834,0.60646875420439
4,184,0.24617441932619,0.0634491009159826,0.0856625429756017,0.175762468258367,0.0634743040368559,0.157375821148912,0.92644993773834,0.60646875420439
4,185,0.24617441932619,0.0634491009159826,0.0856625429756017,0.175762468258367,0.0634743040368559,0.157375821148912,0.92644993773834,0.60646875420439
4,186,0.24617441932619,0.0634491009159826,0.0856625429756017,0.175762468258367,0.0634743040368559,0.157375821148912,0.92644993773834,0.60646875420439
4,187,0.236205786017291,0.11087419965024,0.138609129394646,0.110917590308229,0.137660927816985,0.172715482478858,0.947988171072174,0.669137302466976
4,188,0.185276890094279,0.0433901356258316,0.0594421436708135,0.0546633632507429,0.0434185996732528,0.149163214063499,0.92072141015014,0.635390414092707
4,189,0.219258529268082,0.0114199245589507,0.0677574729010895,0.0114608608779209,0.0768328406732728,0.132759260411832,0.881390905312158,0.670530615935978
4,190,0.146443905959134,0.0522234357109402,0.0531764590112043,0.0521828552114722,0.1073107286722,0.148611933692008,0.945279555901861,0.665202277039048
4,191,0.279542878708577,0.105819568885999,0.177291470937796,0.201028212717802,0.105820116157683,0.165279882550933,0.933756336072431,0.6680844866332
4,192,0.279542878708577,0.105819568885999,0.177291470937796,0.201028212717802,0.105820116157683,0.165279882550933,0.933756336072431,0.6680844866332
4,193,0.233628692970937,0.0771525842064717,0.140269914173875,0.0771476252977008,0.158904498407121,0.110455494006237,0.890956007418602,0.672743364358357
4,194,0.1813577605487,0.134000321147097,0.159910836492561,0.13399472792067,0.151144070850611,0.101479317747403,0.961602330439532,0.591538174735492
4,195,0.1813577605487,0.134000321147097,0.159910836492561,0.13399472792067,0.151144070850611,0.101479317747403,0.961602330439532,0.591538174735492
4,196,0.1813577605487,0.134000321147097,0.159910836492561,0.13399472792067,0.151144070850611,0.101479317747403,0.961602330439532,0.591538174735492
4,197,0.141081421383903,0.022847737442472,0.0348336428071624,0.0227781793474664,0.113386399954339,0.113535944870686,0.969340075469264,0.701310887812796
4,198,0.173440091206684,0.0330078678357255,0.0428199775030416,0.0773839399890785,0.0330083394000001,0.125522134757628,0.953351727822313,0.718916788201879
4,199,0.153551201966864,0.0558268701261583,0.0558289342073619,0.09064935696425,0.10328618912597,0.125927531158691,0.947282167542215,0.674826246967551
4,200,0.154795678161139,0.0269702409934014,0.0783810967333505,0.0818797736717207,0.0269720752842254,0.128724857251203,0.959228573787048,0.656134096013898
4,201,0.154795678161139,0.0269702409934014,0.0783810967333505,0.0818797736717207,0.0269720752842254,0.128724857251203,0.959228573787048,0.656134096013898
4,202,0.154795678161139,0.0269702409934014,0.0783810967333505,0.0818797736717207,0.0269720752842254,0.128724857251203,0.959228573787048,0.656134096013898
4,203,0.154795678161139,0.0269702409934014,0.0783810967333505,0.0818797736717207,0.0269720752842254,0.128724857251203,0.959228573787048,0.656134096013898
4,204,0.179023613542637,0.0911399271693185,0.140207963860519,0.0911288627096924,0.122544395937061,0.14148583702027,0.927265961558941,0.636256144969922
4,205,0.179023613542637,0.0911399271693185,0.140207963860519,0.0911288627096924,0.122544395937061,0.14148583702027,0.927265961558941,0.636256144969922
4,206,0.206047476607816,0.00565237087077591,0.0389047994016168,0.00559079664955531,0.086044667378083,0.140422776850026,0.786349285422263,0.695000288744124
4,207,0.17185198428675,0.128178849471616,0.143481952390451,0.141077762664876,0.128210130446453,0.134099505783611,0.656151356566783,0.686380704011374
4,208,0.185561191918277,0.0941501414195869,0.137781126173175,0.138899015159149,0.0941685130833966,0.130801964780939,0.74753514282993,0.677944868363113
4,209,0.199167863601358,0.0977322393837692,0.13551506250078,0.106198572611009,0.0977702485463463,0.115476535811911,0.626082912911845,0.710501110407439
4,210,0.16114488476456,0.112101376733143,0.130430858614746,0.115633581300455,0.112168682207449,0.100517532615141,0.632080068821066,0.712535559347217
4,211,0.21976624249234,0.153624755595541,0.153626802604381,0.182320676328157,0.161994304446365,0.121771309574803,0.776939113937574,0.622877404428273
4,212,0.241445785335081,0.0968065872602671,0.102092642393816,0.0967995144093071,0.125955907977829,0.119811580201788,0.705028657820225,0.673472659804415
4,213,0.157455827495052,0.108022005627891,0.14173860390556,0.14772211941069,0.108060135816533,0.112094489828718,0.628045092740381,0.719486993451197
4,214,0.207747521624466,0.0676531800107738,0.0759147976284004,0.0676584815106712,0.177496045083509,0.153715794146179,0.649465211308465,0.677750097717527
4,215,0.141449924108927,0.0786092011836271,0.115972876953113,0.0785992823743697,0.116559001405714,0.145212853534749,0.804938585904701,0.670463467217832
4,216,0.130169543236912,0.0861758531281764,0.0884300228564371,0.101272376011239,0.0861162819059191,0.118228523969956,0.562984846170197,0.674109917461804
4,217,0.212699032307069,0.0344699813230379,0.0344654250036618,0.0514859774828588,0.0519356461199258,0.127100624047957,0.643639102112273,0.713779315062667
4,218,0.173887276070042,0.0808351800259353,0.0808442438272499,0.150107485234938,0.111207816222468,0.108980240233633,0.667201128482661,0.682613319249401
4,219,0.127881354120754,0.0592458634880991,0.0609481273263539,0.0687903145941649,0.0592008191024302,0.124792109810706,0.641378744139063,0.709797004492415
4,220,0.154857710722664,0.122829011943127,0.122835643474865,0.153458020187066,0.158797900121378,0.127715890746609,0.682415103400568,0.658112926819494
4,221,0.211333612690663,0.0964168976198914,0.127292526614625,0.126724505873721,0.096422993868617,0.162705027033236,0.585175478632899,0.741848079197132
4,222,0.145256962086781,0.0792531240857633,0.123585594666135,0.135533453985275,0.0792514453795162,0.100031836552895,0.656435314653253,0.701326049722887
4,223,0.108992478813348,0.0475947976778493,0.064912989402807,0.0712405106226913,0.0476019980788638,0.111438044999137,0.583358338944838,0.689818179240353
4,224,0.198588293569034,0.0768524875015909,0.0768509160525795,0.0981617122879863,0.139245225040621,0.109042516709441,0.623176943745347,0.724113623813191
4,225,0.219529923048077,0.0796023421335337,0.0795895238721086,0.099609519321448,0.0837789836182141,0.167586683797892,0.498126206452258,0.7587500034733
4,226,0.0991468253622489,0.0532625057772093,0.0556396314941453,0.0670346063858836,0.0532849787612039,0.107789493507915,0.658281237468939,0.697921390553129
4,227,0.150661290170258,0.0359127856141368,0.0545437305278566,0.114660554308306,0.0359219272032715,0.12824481074444,0.471964912890644,0.740389193356129
4,228,0.147291961872048,0.0259335701245804,0.0296790006606988,0.0457188631545115,0.0259608131287685,0.125123343550219,0.641734152428005,0.725853177766933
4,229,0.187382552594157,0.0558257471158523,0.129097959203357,0.150943925464422,0.0558859115311417,0.157284848792951,0.567017655020795,0.6687837675229
4,230,0.187382552594157,0.0558257471158523,0.129097959203357,0.150943925464422,0.0558859115311417,0.157284848792951,0.567017655020795,0.6687837675229
4,231,0.18349137544138,0.0363188961525241,0.0786493675740659,0.0363216572927792,0.108906907739443,0.139833031264155,0.501617974639373,0.70930739340761
4,232,0.176335610525678,0.122619310569885,0.163216385164945,0.122600288672932,0.145568951463653,0.109760669488052,0.68425977932445,0.64102587144825
4,233,0.105062363134061,0.0329842507632738,0.0690723959208671,0.0329875844816524,0.0831203601481409,0.107765841857387,0.854040406113062,0.613742756614365
4,234,0.163476584087026,0.0732678795535413,0.0732697721099806,0.114369159767973,0.156148437429809,0.11392302174802,0.757413392551616,0.611117233593625
4,235,0.255789953925882,0.111065621476195,0.167003101193481,0.111076658663067,0.122708116759994,0.145471522117218,0.82104865767098,0.607467629266476
4,236,0.255789953925882,0.111065621476195,0.167003101193481,0.111076658663067,0.122708116759994,0.145471522117218,0.82104865767098,0.607467629266476
4,237,0.255789953925882,0.111065621476195,0.167003101193481,0.111076658663067,0.122708116759994,0.145471522117218,0.82104865767098,0.607467629266476
4,238,0.255789953925882,0.111065621476195,0.167003101193481,0.111076658663067,0.122708116759994,0.145471522117218,0.82104865767098,0.607467629266476
4,239,0.148091861434733,0.0886434719351368,0.0886926820864907,0.134528106115319,0.125256138158543,0.134508714848563,0.795045804891327,0.638290176505776
4,240,0.22449330810293,0.0841789845694385,0.087570947498604,0.0840664496074705,0.179578722997345,0.146966941856543,0.82332810947535,0.622021058842954
4,241,0.22449330810293,0.0841789845694385,0.087570947498604,0.0840664496074705,0.179578722997345,0.146966941856543,0.82332810947535,0.622021058842954
4,242,0.22449330810293,0.0841789845694385,0.087570947498604,0.0840664496074705,0.179578722997345,0.146966941856543,0.82332810947535,0.622021058842954
4,243,0.249922967157992,0.0368806609212531,0.036868382969154,0.057771602162827,0.206245211774345,0.133571843626468,0.774425569980922,0.638578233077449
4,244,0.213856077623046,0.0814002128059632,0.170551573721171,0.172064403888666,0.081417905939669,0.133655504149805,0.827759740818074,0.656961521735517
4,245,0.224743404932298,0.127389362350782,0.143408109950741,0.127376860031728,0.180502251470422,0.147349269161559,0.777630749033463,0.661753967066593
4,246,0.140913020073522,0.0259457989152327,0.053686639460925,0.0259870460205095,0.089680293683849,0.143828576757666,0.713198713278049,0.638102222110254
4,247,0.154524422867878,0.036698285707948,0.0366620165802566,0.128526181101995,0.0612107687680577,0.15802122594492,0.668229065723295,0.694587800769948
4,248,0.183787494831578,0.0173600347304334,0.0173621581008667,0.0620011671924105,0.0714141693309604,0.174923561213404,0.490000231726226,0.696087466749387
4,249,0.175466476595701,0.0766066547665549,0.0864569519944126,0.111215247797422,0.0766059306238837,0.172084171353633,0.462535825390438,0.627168839950923
4,250,0.0854027012484531,0.0560443111714552,0.0687620245751487,0.0650970958927885,0.0560442942708262,0.123572157307461,0.533132749973068,0.682626096895369
4,251,0.120003473423916,0.0121780895386286,0.070865938359108,0.0684129547912569,0.0121812342175874,0.143355074989456,0.418446387033254,0.713424571890705
4,252,0.125743848751157,0.0492284717429289,0.0663915210735695,0.0811811778017533,0.0492288726700626,0.133910764915414,0.462287194968821,0.627821539716639
4,253,0.104392121891906,0.0511933427843814,0.0511152220829485,0.0936753693185282,0.0684977629857242,0.13729110649423,0.795003260510229,0.639068915606956
4,254,0.195067574605838,0.0581589600998095,0.0924859125918598,0.0777397782245359,0.0581546532866767,0.147225627474094,0.82531559847043,0.712912385694664
4,255,0.175861645528498,0.0647007179191482,0.0736249266785149,0.101338448812183,0.0647399535499329,0.137705652152144,0.759292875600675,0.702469873456347
4,256,0.163890685931707,0.0410468589801598,0.0410431144349875,0.0523185971885686,0.0769165944193971,0.142371664124091,0.586203798498546,0.812743308720809
4,257,0.120390701104265,0.0410807687980279,0.0820610543244174,0.0907988052033288,0.0410245562079419,0.112701839557264,0.748380779791428,0.647935570381292
4,258,0.184551826554055,0.11716045177504,0.117217266725679,0.152234639678101,0.121879722160788,0.130486657551054,0.805302828242018,0.608642504084839
4,259,0.187503585209948,0.00460919441421254,0.0125629285134545,0.0141554902813261,0.00457614399490685,0.142521453443887,0.722514090518231,0.695947595157833
4,260,0.187503585209948,0.00460919441421254,0.0125629285134545,0.0141554902813261,0.00457614399490685,0.142521453443887,0.722514090518231,0.695947595157833
4,261,0.189722020581073,0.0344492643672199,0.0775586096888005,0.0787140422092071,0.0344825232991547,0.121874723337137,0.697034599588098,0.733320676105655
4,262,0.0699644505417663,0.0633255020009564,0.0633253570870141,0.0668268288327656,0.0674486356289249,0.109867995351383,0.49386622905673,0.739589903319854
4,263,0.145465060604893,0.0725255666482179,0.0725358725257644,0.105942312577425,0.0740151187065365,0.104497236367344,0.402545512015817,0.653110500711466
4,264,0.164388692679303,0.0287567582388376,0.114658400240575,0.046884257210302,0.0287619344070706,0.142318152305302,0.372340151143381,0.680202494623497
4,265,0.153250581816793,0.065336633843547,0.0653553114237229,0.118264242723159,0.0759168075616117,0.138160144434766,0.355244538231104,0.709969851433411
4,266,0.258856038871388,0.0500654148603933,0.0861359108402863,0.080750764926547,0.0500787628467272,0.155862632015853,0.76782894441637,0.643699159327788
4,267,0.118512581252329,0.0376881799038266,0.0441627649765034,0.0377085207813386,0.117900464567963,0.11574865225297,0.453152378357409,0.711837945414684
4,268,0.188052856937492,0.0454188081001037,0.089872171708054,0.0613970764388009,0.0454271639320843,0.130027756997841,0.422696719219342,0.697792914494907
4,269,0.219317764432245,0.0618667091480119,0.0927399265260949,0.0618410546102178,0.077886530092313,0.128270946316304,0.845494765742746,0.668368393556191
4,270,0.240125430435416,0.100616476560412,0.10641888484995,0.100586802092361,0.109452763426687,0.117262688106158,0.864835902120855,0.570887689808567
4,271,0.248288051444077,0.126623323813825,0.174967957921167,0.214934858960826,0.126623090960174,0.151092992835045,0.646891133807281,0.566947709700763
4,272,0.163961830399479,0.0315882102930602,0.0470658897421641,0.0315889331173913,0.128489358736494,0.127631175301304,0.417715087765015,0.699797799659354
4,273,0.102745301969714,0.0770586733520988,0.0770627985728382,0.107890269376794,0.0940464045075641,0.105914149694442,0.516263849543817,0.701956261068082
4,274,0.129661103472341,0.0586555919843376,0.058658915038985,0.0635218170783827,0.103306435824162,0.122756553299361,0.55844901817564,0.687107460246931
4,275,0.184299618067344,0.0961627735499001,0.120865757324107,0.113431632114064,0.0961769656067297,0.122060677715914,0.53239631493939,0.718596790094599
4,276,0.138544148402072,0.116000806983949,0.1197683444575,0.145831250086212,0.116035031018434,0.108819020048248,0.776153008333031,0.6556055114316
4,277,0.183727725608527,0.148626147047682,0.148639388287356,0.183083375574333,0.180835358422143,0.107745674438727,0.795411525768489,0.598387616198488
4,278,0.150017474115032,0.0588280665144234,0.058838850258672,0.07740287362578,0.063637538263576,0.143310325719039,0.425473277413424,0.707672721841283
4,279,0.2200855023359,0.173417994360047,0.173328507201893,0.185198259466583,0.174550808918929,0.142805845718857,0.621922412872456,0.643015045490846
4,280,0.14788710715491,0.0842337001406274,0.0842204269334196,0.0949447558260736,0.0908702027597827,0.119380496583092,0.792755949665959,0.676049675486846
4,281,0.226493614542657,0.124842490788721,0.124781229742993,0.126763719476992,0.127436055788299,0.153255246366824,0.803618700185023,0.671667223951272
4,282,0.209173020498009,0.0839772514711615,0.102061639706413,0.10449619788932,0.0839933945794614,0.148050402238487,0.653177109017084,0.704962344180458
4,283,0.209173020498009,0.0839772514711615,0.102061639706413,0.10449619788932,0.0839933945794614,0.148050402238487,0.653177109017084,0.704962344180458
4,284,0.159684900106148,0.0346108005819822,0.100550618891475,0.0346025398576322,0.13458238558253,0.135332488763839,0.479733549199292,0.779304502268733
4,285,0.175128716784607,0.0733512721286532,0.14039454036662,0.0733703271718455,0.104176115428778,0.125781091114304,0.678496432990641,0.679092006112149
4,286,0.172046302074552,0.107716099302561,0.12166120014768,0.126488963842278,0.107731701814004,0.128777171777961,0.577072793100931,0.686812716148608
4,287,0.10566054770209,0.0767993302964216,0.0768304530093137,0.108173284000306,0.100405795986471,0.102423700055504,0.494945239071338,0.703245978686996
4,288,0.10566054770209,0.0767993302964216,0.0768304530093137,0.108173284000306,0.100405795986471,0.102423700055504,0.494945239071338,0.703245978686996
4,289,0.193568223104746,0.118059778495327,0.131659131767286,0.162836967708407,0.118065855374369,0.150714744224018,0.653434933856811,0.616046692665487
4,290,0.181872738615927,0.0248330236788495,0.114276686865898,0.0248086368595285,0.029981185947097,0.15577022648624,0.670316198395354,0.690302653310192
4,291,0.183452138878641,0.0794230456915625,0.0867651353124927,0.0823397769086573,0.0794424246240217,0.113933080386348,0.701426539182233,0.696785640818459
4,292,0.193598632484607,0.0554648376790835,0.0555056730968494,0.0666226642494876,0.142175958372949,0.146334103686023,0.632028643449315,0.669406468218251
4,293,0.185076108145817,0.07185175325248,0.0718422689298213,0.0818318932893337,0.125666082342067,0.148813567703118,0.4811686145455,0.7074282554273
4,294,0.140137027077669,0.0992536548355299,0.118286415771839,0.12687236836253,0.0992396099711748,0.153277546106788,0.488936606902474,0.662076158737865
4,295,0.138541029152609,0.0149071759143982,0.0148277916722723,0.0514210658365007,0.0926550932536303,0.143409433772463,0.692468892077638,0.689459194357974
4,296,0.179440231122299,0.0921619869842909,0.0920634751544331,0.10205705607407,0.0950012968026816,0.124314177249338,0.782042215409485,0.61386390881397
4,297,0.153283144455899,0.093885954501105,0.0939332963828387,0.138356659522455,0.16678548538952,0.15156751371266,0.570331192606989,0.640534709286801
4,298,0.132300442518689,0.0214926480157593,0.0214743838499144,0.0607182717682595,0.123793787675537,0.169767876320928,0.652680472011729,0.661213000412059
4,299,0.109149249803182,0.07977756556216,0.0851446417724118,0.0797439418887984,0.108372261239625,0.166205136762033,0.574298449377683,0.696875282918046
4,300,0.2055586243826,0.137738935661052,0.146874535516609,0.193417492413715,0.137765377264007,0.161453282181789,0.728344301122043,0.652897068984691
